Feature_1,Feature_2,Feature_3,Feature_4,Feature_5
0.4967141530112327,0.3126193860044455,0.11932662066033248,0.4034533259307013,0.3020025766379656
-0.23413695694918055,-0.27799238723611525,-0.3266523613929828,-0.5798519198109056,-0.44148106036006
-0.46341769281246226,-0.7298627887759728,-0.6390797197538719,-0.29804983504874466,-0.5618076152709395
-0.5622875292409727,-0.5158480617330656,-0.5454973468886336,-0.48985876202218764,-0.3135201201429557
1.465648768921554,1.3190848315015924,1.085719771769017,1.1620389584491047,1.3956339174417896
0.11092258970986608,-0.16610835204746616,0.17305968650697012,0.2689792489577002,0.09512622963154507
-0.6017066122293969,-0.2716687595733991,-0.4465857417278587,-0.09773392935907077,-0.17197679285740672
-1.2208436499710222,-0.8791199557599503,-1.191282953067415,-0.6941599116911343,-0.4361175929024249
0.7384665799954104,0.4439265996021208,0.7304248391773734,0.8568709001911727,0.46084993520831985
-0.7198442083947086,-0.6041812941833363,-0.7085945191753631,-0.28264142719478097,-0.24111733699505467
0.324083969394795,0.5789315370440427,0.3239773603896845,0.317500328876981,0.3849964612192641
0.9312801191161986,0.8917336579941321,0.8224674583444811,0.7079360483916398,0.8336256009161498
-0.47917423784528995,-0.3815826592966024,-0.3141398330310691,-0.1427622117148768,-0.29449077205051477
1.356240028570823,1.0374553594644613,1.208192531629045,1.1721892143665518,0.9629595434580801
0.36139560550841393,0.30443829849706305,0.36782992098187767,0.22987696324846463,0.17614876458033524
0.8219025043752238,0.5551692919117184,0.4052401238217058,0.5718217330404255,0.7736189012952975
-0.21967188783751193,-0.5966874114138125,0.14687026745543263,-0.036139941509750605,-0.5154396369229197
-0.5017570435845365,0.007029947239316936,-0.20990284495282654,-0.4554505371069565,-0.2804636432982385
0.09707754934804039,0.1087270393183126,0.051688841145212716,0.3175987044725712,0.5847145481017808
-1.4635149481321186,-1.0911825054811874,-0.8663271410993013,-0.9208969871865501,-0.7354090865138112
-1.4153707420504142,-1.1438781436157133,-1.0009586249239066,-0.5567900952499583,-1.3303866544830227
0.4040508568145384,0.17621732530671316,0.33473626458714856,-0.029583605479291786,-0.016196434301840354
-1.9187712152990415,-1.5722018684289873,-0.9326093684580796,-1.2519079880715218,-1.6812913849912599
0.30154734233361247,-0.07864107857197228,0.07215706194420521,0.15600952904930138,-0.190519927111444
0.7910319470430469,1.0882428572450986,0.6584366518915739,0.8072636590996312,0.26742187883014046
2.1904556258099785,1.5054621009635036,1.570182145596533,1.5841489830830418,1.3511240399642261
-1.5506634310661327,-1.4469240016223421,-0.9951057289035612,-0.9562131131517273,-1.3834066987511857
1.5499344050175394,1.1518956831367515,0.8192291014117152,0.7222126440608725,0.9197822544596004
0.22745993460412942,0.43958309265377904,-0.14750628319710263,-0.19940681888308354,-0.12109644184916257
0.7818228717773104,0.6283600972743791,0.46199641094693944,0.5620286451476809,0.5622070225433398
0.25049285034587654,-0.04683287892939125,-0.2155880303177366,-0.25885927075241566,-0.18874076420742492
-0.7143514180263678,-0.32061346226962634,-0.5383260171991995,-0.6074465241480926,-0.07421144156848442
-0.9746816702273214,-0.6335452108247609,-0.5769044591352309,-0.5204509859278494,-0.25399104992408633
0.4127809269364983,0.43791173299248914,0.15961421065554315,0.03249320058146141,0.42956412057198845
-0.8895144296255233,-0.5684646954662506,-0.9006619388089052,-0.3949993549014101,-0.5249013798824158
0.8271832490360238,1.1406189793453092,0.7696447506646743,0.8835184687278573,1.3465030072776014
0.6256673477650062,0.9375528572192275,0.7666082279713053,0.24262623062686461,0.3247125279516317
0.714000494092092,0.4338573266730146,0.1481627573446278,0.1583910519382905,0.02711998567256335
-0.4465149520670211,-0.03243496309138644,-0.06894148529972963,-0.6633380238456903,-0.2352190049863519
0.3853173797288368,0.3848875417348495,0.47158619313253847,0.18624315663492344,0.7376130938156106
0.3577873603482833,0.3860490515061765,0.48552541605732025,0.49060280587672134,0.3383424912927048
-0.9378250399151228,-1.088714198260764,-0.5518307364614532,-0.6786412990056019,-0.8934699572999953
0.570890510693167,0.4226352554768944,0.8526386169215749,0.6615710997690902,0.16367041199450177
0.7589692204932674,0.44461065832730096,0.44164939802101294,0.17578058374936328,0.5086864871752652
2.3146585666735087,2.0173386163174687,1.7844451842475666,1.7992365512848112,1.9408093860417954
1.088950596967366,1.085376577654454,0.7868005851304141,0.6392786272534421,1.0008245750486868
-0.7303666317171367,-0.9991905755769717,-0.6645451195804978,-0.5555307640624727,-0.8920177091343973
0.6339190223180112,0.5027282450535548,0.7743526558023344,0.5447337709695278,0.3237157246483901
-0.7925207384327007,-0.40964428978731016,-0.7881565529386771,-0.8865806207270079,-0.7703852101714825
-0.3345012358409484,-0.3049367811354477,-0.4309415866942236,-0.5367939953620253,-0.32722576693768946
-1.2608839543350452,-0.8628944344675633,-0.6138741202068791,-0.5563443360160846,-0.9007214273410636
-0.48423407286625136,-0.3171541647675843,-0.133255984482983,-0.16719759143935464,-0.47593507734221474
-0.926930471578083,-0.6732123308719411,-0.7380552644140395,-0.4559844860861636,-0.6254608877311489
-1.2477831819648495,-1.052489541185539,-0.7687580531139424,-0.7416848469310131,-0.9518304138274705
1.4412732890661155,0.9097024704257506,1.0617905541591897,1.0298236642519656,0.7471728757666489
0.46210347426327075,0.14537674992561112,0.5747196839095163,0.0695271395357615,0.20137311118414736
0.11351734525124804,0.2326843790920619,0.1414659051185971,0.047919960795704104,0.16979617612400422
-1.9520877995225019,-1.557778588514225,-1.238251053541002,-1.2816124053061504,-1.3767820808026037
-0.20812225035727522,-0.19420024920726514,0.3660811821577069,0.4538050123746875,0.05622393985034358
-0.6929095952606542,-0.6391056846729939,-0.418566672022732,-0.30719918049361905,-0.6739285731728084
-0.8289950109220723,-0.7242337778338082,-0.6219020056522099,-0.27314657028780714,-0.49542851300469143
0.117327383308782,0.3032442655446535,0.2941263683619829,0.2840890418472516,0.2972937704498943
-0.2176812032272203,-0.2411937789553816,-0.2542549069410016,-0.33103508945718463,-0.5446361660818805
0.02100384163275905,-0.25140986935410653,0.412672501115094,0.1968953803291115,0.10736144336034194
0.09699596499271819,0.2263271271022092,0.15241032816621813,0.14700724651642114,0.0036117091708527393
-1.2141886127877322,-1.0123262230031291,-0.9653788373399074,-1.0596580940051923,-0.9072312021621483
-0.012246772846914623,-0.0035182451709764107,-0.17431666097875748,-0.15150284884885307,0.18532054634981232
-0.14705738150213865,0.2038697560781912,0.2070762743936757,-0.01714584157881957,0.3023134527160427
-0.8222203955664315,-0.6618884279232466,-0.43623924359464195,-0.18225988915140567,-0.4449443457856026
0.2320499373576363,0.2434766845098541,0.08959709974895574,-0.2874892902355588,-0.0126605769411689
0.3109075655980046,0.012941354218738599,0.2746264580891084,0.47537729361805386,0.33988038233177276
-1.0025293646378088,-0.8459573821804391,-1.0567630906156076,-1.011076029093243,-0.6759582424745124
0.5193465142411723,0.5373824204346581,0.45788209826561477,0.11647560754879205,0.23369913051660643
-0.40122047188583626,-0.6320511242769176,-0.2996743028106545,-0.0443694838709035,-0.5515202491277597
0.024510174258942714,0.059777158030296096,0.37165419645040476,0.3048453621306152,-0.28715113288183747
-0.7673475628880495,-0.5937198357814784,-0.7159534927242062,-0.34241668176866424,-0.4281505376627688
-0.8397218421807761,-0.6635199826271331,-0.8745874416389928,-0.5255833240187923,-0.5723265357855972
0.15039378647620763,0.32774680891261476,-0.005564656273120111,0.4699006524287154,0.564856556004692
-0.898414671348358,-0.6518440341089822,-0.9120742459698576,-0.6124507995383893,-0.5030306416308328
-0.4691756521047048,-0.07972614201247502,0.008825802895701729,-0.21543541490823293,0.15437952915458322
-1.594427658794367,-1.4742600301543012,-0.9297639794386665,-0.941091379828945,-1.3063562776244984
0.6228499323474987,0.5254648593216686,0.5331077395600157,0.7110768944321986,0.7562320501161844
0.7116148780888898,0.5861852597491013,0.7759220061062049,0.4391396886260145,0.3776697866163341
-0.7484865365565536,-0.812640127996259,-0.5912436305611074,-0.6662697833533405,-0.5319457994453031
2.060747924881987,1.839857340323859,1.563308834997998,1.3878307010324127,1.2285119359979004
1.3686315575323487,1.5598399071964426,1.0856602271143547,0.5608001541056149,1.1511710504227877
-1.183258512665775,-0.9500080250293863,-0.9387098621172165,-0.8211716682296873,-1.21329390377572
0.07409478041977519,0.16028004199057355,-0.2244289084547466,-0.4373593920041938,-0.08846728959526494
0.3840654489393073,0.3241560543145113,0.34213049348547486,0.30109023955643666,0.37289150323122044
0.6696725488300385,0.3930211050825957,0.4446758238969892,0.6187973003178611,0.3172581428986966
-0.06267909727317188,-0.41429533337894076,-0.006556003834693014,-0.12306933257191309,-0.49558552555013186
-0.7928728322623442,-0.7754529624289483,-0.6103676055721347,-0.22587300109641728,-0.3638099839271074
1.9647251329163893,1.2933884301427654,1.337838355187206,1.0289252153577408,1.0640180647235968
-0.22096959953322298,0.1640447359852452,-0.2355099849725641,0.055660302524051686,0.01721080294222828
-0.275051697151644,-0.24306329650596306,-0.19601419016325866,-0.053398943644576924,-0.1534784767660956
-0.24903603955637832,-0.2684126974545368,-0.05739438285131779,-0.46577881862521625,0.22655256432883075
-0.12791759148076653,0.07549669177294796,-0.26997758642527103,0.3830007886456915,0.390898821613785
-1.4222537095976742,-1.362153188249317,-1.1022780605374842,-1.0225617651548569,-0.8915457088584792
-0.007972641316617372,-0.15975092065420438,-0.00530300654867321,-0.1808070635772426,-0.06298340766722257
0.5389100436846587,0.44474248879745115,0.2592648117579118,0.03785250322022482,0.31149829875996754
0.9261775475316414,0.9466958363100092,0.6295262636772233,0.5782779189516111,0.26228441980540557
-0.48712538376469605,-0.2893632979779992,-0.2842495115225049,-0.3340313325928723,-0.40962344785728766
0.2704568257798388,0.2660304891270475,-0.011646644030490927,0.12405317840767205,0.1007193643580352
0.755391225825756,0.6199365277078082,0.6336613142750989,0.4960617847955501,0.14580203925384327
-1.6694052811213718,-1.2554770537917426,-1.3904166314300488,-1.0972837029975497,-1.3139545012173972
-1.804882100664519,-1.4035750995057643,-1.1109428415773455,-1.2438559434293952,-1.611469136916804
0.6385924587773739,0.304879512066512,0.8783256320863005,0.2197744128973756,0.24119526396964536
0.047398671316414016,0.04713478137976149,-0.13431159026822848,-0.06463746671065403,0.1726428229844239
0.8356921120651418,0.453815957868563,0.6608324158680747,0.12511428049863105,0.5311787625955928
-0.7968952554704768,-0.6212996957962167,-0.7301859174505073,-0.5400783429901158,-0.4518464279589165
0.08658978747289992,-0.02685775831932835,0.24342840100020935,-0.06385277066728334,-0.22794975443149584
-0.4118769661224674,0.17837475165859834,-0.4054777393806972,-0.29426981121810575,-0.36766912407426466
0.2897748568964129,0.22384100876678795,0.3081570827637854,0.5019877721690001,-0.06647280296952762
-0.4080753730215514,-0.607308211669559,-0.5608279433895139,-0.5773110656180261,-0.7913747621380429
0.0184183791895517,-0.012101338783743556,-0.03581812986002097,0.20529135143423588,-0.12344533744711031
-2.211135309007885,-1.6650364980787307,-1.8112836589570231,-1.695645500523194,-1.5396652486025137
0.3384964074944141,0.6054699152260361,0.5153592724941686,0.6921812324085501,0.3681034752327931
0.24822058630033608,0.08068598905252518,-0.01907998102199182,0.018625719471695043,0.12179448800667592
0.07156623721939247,-0.2592326050292141,0.06840618896729753,-0.1121096266266623,-0.2356271515654217
-0.510016398854747,-0.24464571679760141,-0.39722152011912054,-0.2254474775104894,-0.21231253098350256
0.7569886166453519,0.3294711521363513,0.45444117960380875,0.3974139725749371,0.5449569935885329
1.876795812558066,1.4142055617449558,1.3922107562825454,1.139312724710443,0.9542708076200324
0.6543656563540577,0.4719684279810474,0.31640842223957333,0.2927416612966942,0.45474447083611036
0.1292211819752275,0.08945025492016037,0.13351909017183924,0.09617480242222641,0.07972794798354947
-0.7904744554453119,-0.49454667294138244,-0.2375343167341885,-0.14276748262282934,-0.40625550474561734
-0.5112156764311852,-0.5456993976022256,-0.5749366146628031,-0.8212784655295108,-0.3967519140469966
-1.6924646297148194,-1.4087175542052077,-1.0344855524642032,-1.086163941081525,-0.9952768839361807
-1.6548566718657693,-1.3267394080824932,-0.9258306316600758,-0.9072942024795295,-1.2575300647910406
-0.3357846992901282,-0.23870816792834498,-0.4027357978291764,-0.25671848384936263,-0.25667256268340055
-0.2727235697476705,-0.19861342085655187,-0.48695673214891116,-0.04189908687192584,-0.0754954420586958
1.8489560949453452,1.5663660310007923,1.4547800368072632,1.3066253867493387,1.2772058850207602
0.05921843401448826,0.21614264913993805,-0.015029492804149058,-0.019234711953053353,0.24091944235560647
-0.5736620068802363,-0.38040278237399544,-0.027231194319716268,-0.12189137107731238,-0.20857067716553587
0.10643022769189683,0.17586128685536118,0.11293500800252322,0.10760885726803796,0.5043116773648306
1.246085192497629,0.6804235206488076,0.666729770836421,0.6870442376775259,0.30831155650658476
-0.7778166875908753,-0.6122078102395643,-0.8020025890696493,-0.5286989027469339,-0.5504215549172982
0.7216720640432351,0.6732391608349099,0.7807887720902567,0.47047867581006764,0.36338659694152803
0.7129984301723881,0.7161869830520006,0.4571185151849569,0.34581134773907257,0.6542770852407309
-0.3609661658190799,-0.4272430875020228,-0.2998902492680611,-0.36994137038797914,-0.6907626416267163
-0.3095464393139903,-0.37944500642892126,-0.07744617256317532,0.11581678728241523,-0.12365942562765085
-0.5227230205190395,-0.5329985514719513,-0.5181127460872712,-1.060537577839667,-0.7639700905047391
0.6060099513456396,0.5920907410547804,0.4714464322412218,0.510102320387333,0.3614527675248653
0.2110174672026184,0.37559018474693645,0.21487210706088614,0.17721019254544626,-0.0107824720963417
1.1033018820165215,0.8011494841548968,0.9286606885579481,0.47661093638216384,0.530657782167386
0.3078017688920592,0.42783387783905713,0.4003999148998119,0.3452260293439489,0.5771682415648041
-0.18398333635267913,-0.12249070724922446,-0.17276162660207262,-0.04754758681559429,-0.09279643710010886
0.19584525509768155,0.131819048645658,0.1501981544418417,0.25634521008728933,0.28153107578847647
0.472597482413043,0.3358011399668406,0.262683280891876,-0.23625330728702226,0.4635330561872527
-1.8408742313316453,-1.3233771121448847,-1.6129727306931771,-1.1082609024390413,-1.073753421054128
-0.7257438131534656,-0.5154794871653585,-0.4659955812467144,-0.6242430986970402,-0.6083205363207953
-0.9232332461109043,-0.283421511359196,-0.16820472429659739,-0.2992616388123655,-0.16638095542266929
2.632382064837391,1.9354607232704477,1.720085421261617,1.8892017505760603,1.6191777298722283
-0.5756378262377739,-0.35688992058422403,-0.5494918312146948,-0.6253912801048461,-0.5026358730414221
-0.7031764251258874,-0.6683813420630126,-0.7262481695105958,-0.4396778473842833,-0.8369107193768894
0.7077519354554754,0.39234415096665165,0.6164975687623577,0.4526011535046616,0.556438334848268
-1.5702247198904564,-1.2583532033193596,-1.0729212301017481,-1.4715338158645135,-1.2736725818808574
0.17770100093325383,0.16963129662801027,0.10803235097173865,0.3478417258675528,0.24255094490024443
1.0807807255546218,1.448259291455716,0.7912643378862327,0.5938090327730939,0.8399058989840299
0.42961821913258585,0.3068654121694283,0.3253440915451063,0.13108623172346606,0.3106346427617913
1.0531528533329035,0.6164865367693861,0.39859796223010674,0.5000871526178597,0.3675298202199728
0.9382838059759977,0.8052291882796754,0.7393959728434001,0.7255192565932368,0.6724515456054114
-0.30917212346863937,-0.6622657062841852,-0.1789608964019884,-0.20670729011267158,-0.2838064045564874
-0.18687164416135904,-0.1678886718499404,-0.39404225096239726,-0.12275217310806845,0.020593007404121094
-1.485560373036972,-1.1852432419705456,-1.4048568144755824,-1.4240647483107536,-1.1427713841789415
-0.5172884501003722,-0.25491068349125545,-0.01922985175859082,-0.3630845948297321,-0.6154979950850166
1.453384477117701,1.3574320315797301,1.0115699201318527,0.9627823444355147,1.701856036290621
-1.344450511034277,-1.1762743326089653,-0.7979179861110637,-0.4773699403263953,-0.49980378760867056
0.23421473253652075,0.15724898310323002,0.13348252815966305,0.12431639659572191,0.2761792738183143
-0.04946370965243295,-0.19279513384408054,-0.11496135836770613,0.15127442552427067,-0.2209355089673613
0.4924512640081491,0.1683485002449805,0.38441272197689774,0.3584566281508823,0.18582765625186004
-0.6231405264247644,-0.43653346526368464,-0.6193300741407757,-0.5937199677137297,-0.5487201554276331
-0.5707462937494763,-0.7113141447189009,-0.47226796159127926,-0.4665505869591904,-0.31398247509981997
0.2029230208512997,0.07941303656666714,0.04898753843083144,0.06708028130707622,0.12027248450248991
-0.38770155993598415,-0.5091960399286348,-0.6107082806275889,-0.2786347884332815,-0.5459408321591319
-0.1769472274940494,-0.03162114473718758,-0.030463542222901152,0.1919579456285307,-0.05553632297870974
1.7945578635177877,1.7959323106675278,1.3833970635835688,1.3431181403778067,1.7047324570278395
2.5269324258736217,1.7612283441382313,1.7604297504893387,1.9523604062935356,1.962464697735095
1.8467073257360336,1.106762164009313,1.0133501233879791,0.951065032123668,1.2550431207399373
0.820482181197364,0.6314083678878778,0.9179436745176062,0.6124442405231819,0.7139847059004767
0.6487098875896427,0.5221074692632658,0.6563300218510243,0.3771554569347334,0.3758861448778521
0.3686733088729012,0.3386705084497805,0.4787689838057805,0.4018658352464432,-0.32454070942202295
0.04643654815614881,-0.052114864521949945,-0.053505125766846975,-0.07461910808016202,0.005777353624425753
-0.30777823495300083,-0.2863504477274871,-0.5856308296954306,-0.2114090384525335,-0.2355987319410724
0.27902152577033923,0.29671930272439184,0.6191100302003893,0.17305228006180312,0.2579436849174468
1.073631749859772,1.0669915784167854,0.844693846853748,0.7759364333496643,0.8837553464616118
-1.5231869047837747,-1.6095592778906764,-1.3942211949631012,-1.0295916576962991,-1.5398654964331269
-0.5551995266931984,-0.5179475091608512,-0.3496237011982318,-0.7749898461646942,-0.43178374797568186
-0.5020542243526112,-0.35888162069387625,-0.12526744078380897,0.1733975954114726,-0.036866430986513904
-1.2803043986708944,-1.2078387398588628,-1.0071139325101994,-0.9715977094484128,-0.8797148003379096
-1.0700847663261526,-0.5098338867074621,-0.43227751558744004,-1.0059528955006716,-0.41837079996000137
-0.24123605785632987,-0.3200708223308113,-3.92879240345978e-05,-0.06489135859678859,-0.09069957199319872
1.1172958315881276,0.8855781278690456,0.6090451166743658,0.6972250728996275,0.6585085162835335
0.6427227598675439,0.6253826272624933,0.3742181469806246,0.3903974868247688,0.4781814528217085
1.4401172154494728,1.0338368145991994,1.2217170847604497,1.2629719426693022,1.0174186450109857
0.12810441491078928,-0.26683107763225206,-0.5585196285963686,-0.02267709118882058,-0.1453618841146737
-1.889540730945531,-1.5973634901397316,-1.4538705511476828,-1.2777892746325166,-1.1421113452792477
0.7858001586508322,0.8345282381060739,0.3570923104323039,0.5471881144225841,0.7936071277949177
-1.1583646891925428,-0.9940707767110619,-0.9727143378962948,-0.8733033007231524,-0.44296476832959214
0.20838280794755248,-0.0025806139337537504,0.04365320198780929,0.4559125738221544,0.5765191997633285
-0.2811002928859549,-0.03974579240821957,-0.22412275974694493,-0.4979284247247132,-0.1572960863395607
1.3993554365860021,1.0533293700641913,0.9052242788897368,0.949762221033475,0.14959517865668326
0.3934853854217496,0.21275614560735623,0.04114080646731885,0.18685540299338338,0.4310768014878821
1.3173940656343257,1.0838064704401225,1.4422212273129367,1.2665021983918237,0.9221592739842097
0.1979107834626478,0.31247866869387575,0.5661913931717568,0.136870095168782,0.06825144540075867
0.5228354880354996,0.8946110967749089,0.2973879089989659,-0.02064516166552105,0.45088405456741554
0.4363236696740321,0.5145061572707104,0.6889370322789425,0.48146888400082855,0.3638157501997535
-0.2573765374233451,0.02606676333899277,-0.2007613378045453,-0.12700905164743534,0.09999130453024359
1.5739867632900328,1.1579961708344553,1.160229727561695,1.391606478230221,0.8003924901444943
1.6839276914578687,1.1419685319723998,1.1718996133412711,0.8882585126546387,0.7361145238215111
0.8836599374866724,0.7193942199131625,0.5256985064664917,0.7946821309246097,0.7386728820647637
-0.6255627015095294,-0.4790161781557043,-0.2597157354802466,0.11937149800951391,-0.1270094514079067
-0.6716233679380516,-0.7530012426233608,-0.5365347506407024,-0.558816224935997,-0.4911372840676132
0.7716987106483447,0.5823000625378733,0.46522908944168606,0.2365826761373675,0.2629475845772744
-1.1196698946261439,-0.815872395357089,-1.065514554680293,-0.955468652997249,-0.9718171629666761
-0.04692057887918407,0.03454221590026877,-0.1918166274133355,-0.0926938890427317,-0.1084098039302421
-0.4937565831613125,-0.2941476958521955,-0.6633986234567343,-0.3501045076458358,-0.23354541934812303
-0.3486521344078592,-0.22072876149879878,-0.23809998597053533,-0.3529797941189673,0.05876427871954046
0.43004164719106963,0.24263158589884457,0.04847718090830902,0.5024472380692199,-0.11317431419407742
-0.07160125941406395,-0.1600611328610198,-0.13693107206904614,-0.3063193955948564,-0.2320782497867421
-0.08071658010858232,-0.30436354368564106,0.14235301756209073,-0.32318645545315666,-0.5461097510523724
0.9980101098596522,1.1553630957247407,1.0854738982315655,1.0547356880939505,0.6791900283923317
-1.0399059271255309,-0.8292346687765662,-0.7751787430162589,-1.180958074297956,-0.6584368944863632
-0.19068240076334658,-0.19751653176964767,-0.17201310514119758,-0.1859041561363609,-0.06535625100282914
0.3649610024662254,0.10621038568248861,0.590318526822061,1.0056480375569241,0.4553073458660229
1.1055259329579838,1.4715523268319428,1.0983798886003169,0.879153618031334,1.3308826494547645
-1.146345393018688,-1.1317419208595294,-0.9782565647425074,-1.0739943132437282,-1.0971872258420632
0.32135721545027307,0.17131618723900377,-0.07313015952725271,0.08781132961184938,0.042605607960251396
0.9640871682883573,0.8544371018878979,0.8171493583434966,0.7023344529288349,1.160508720355904
-0.29756350335999193,-0.118008209539138,-0.01831946002516488,-0.09422319728343942,-0.1483860957604295
0.015579047581467534,0.20404964910831083,-0.05732588637950177,0.11575386091271025,0.3041823703496178
-0.9913923494563072,-0.4315921780111931,-0.5669332771039051,-0.8311524842976328,-0.5070247439033426
1.0098170893426341,0.9090852025662498,0.7049194464581862,1.023404225367687,0.4828206831343728
-2.499405714873573,-2.210730731892192,-1.9497285568442446,-1.7306308518126037,-2.25455349543935
2.439752406339273,1.900412900047062,1.2924356616712889,1.6382340364845855,1.515921106985632
0.7589285897867651,0.6687093463321891,0.5357208180498122,0.3922298831835025,0.7301148230883621
-0.28067507686677406,0.18910514680774554,0.1102678660905475,0.1891135430886161,0.32785548233843287
0.17989415115347845,-0.13564577476207665,-0.07702716796519542,-0.010263688487299721,0.09834886144137082
0.9407711879882159,0.9931322514356182,0.7788305430678567,0.7433511951211355,0.6214754736104484
0.1053755061459599,0.1202832788260513,-0.062417404617588754,-0.1694379748260734,0.3445130728722715
0.440474737960399,0.5199458974142154,0.4483094734630187,0.15612735928894172,0.16582708619793485
0.12522450264790727,0.07978065879113944,0.04324180945406073,0.20502758613136374,0.15194155084808653
0.04059169120388238,-0.13601317306215938,-0.20835641445310799,-0.15582725534116743,-0.1304265384211932
-1.243863235391285,-0.8449160324327617,-0.6088961338924455,-0.9118683652143678,-0.8152848930868846
1.2477420726737338,1.1290798635601114,1.1483813981113433,0.8298127199086247,1.1941101617677754
-1.1875984190295128,-0.7556673420756659,-0.9414807649230911,-0.7118410592375574,-0.8079748270498589
-0.12982069973342616,-0.106517486862468,0.002692065958102008,-0.17665902575085185,-0.386829250985122
-0.5574917850078336,-0.5659578326702368,-0.34105084174091166,-0.38294803701993096,-0.45046001346683756
1.6391168054440675,0.9995360453504856,1.2478794633294146,1.157804057566812,0.8670974976230296
-0.3791277409874871,-0.13942753916210843,-0.5702433114413916,-0.7632181981736113,0.3628546008671808
-1.2239402667622565,-0.8943743169210081,-0.678961120250905,-1.0553858358799684,-0.7179388456286004
0.33088023221445706,0.07154765919877382,0.0729646212817144,0.22879351924798114,0.029698536249933766
-1.2096410186912054,-1.0754275496122891,-0.9990143609175428,-1.0308680240740387,-1.1657392508270024
0.5583269125217224,0.3533097676270899,0.9127327370010281,0.799768842065184,0.07585883108205216
-1.4137144969049802,-1.4275684839204679,-1.074753117484428,-0.8020256249056545,-1.3021925949714637
1.091310120594269,0.7095116171543885,0.6812440503540159,0.8528554016504015,0.7045519451395799
0.14171691363990474,-0.11339254044934703,-0.4042181798660329,0.25895385097206824,0.29511636134096614
0.1335409047822823,0.024336921448238513,0.3520243556148839,0.17760823861022987,0.29222245292959587
-1.331232953557778,-1.2127258625121349,-1.29847616969425,-0.9221072641200434,-0.9584487304140181
0.3885786045309641,-0.014538100548578459,-0.010759908598992202,0.03424728305358256,-0.06308220855356925
-0.09888965319114267,0.32540632356098215,-0.01809338934484652,0.4436807655593491,0.3821104950868248
-0.6680904536430488,-0.28396421670859284,-0.13595213349404373,0.07510969563236691,-0.25157322083236083
-0.8984679817910373,-0.8745782697368271,-0.556959474483415,-0.5797948956062225,-0.3550126313711879
-0.025026958745143917,0.034462712334606835,-0.0337421676402419,0.05380959542688413,-0.0010175302261866623
-1.3118362323501596,-0.9659759679158686,-0.8840524938220762,-0.6064959705959332,-0.7788019435776464
0.056649924897107164,0.2835371108723811,-0.00669104286395325,-0.009444348149559825,-0.27587552292557294
-1.9754665663538713,-1.744094258415113,-1.4830308227883993,-1.5147237698168494,-1.5399606552986753
1.5307508323436974,1.4430220226714432,1.2129493719289088,1.2722780319104192,1.4147934507689799
-0.33708597111803934,-0.3792498377358185,-0.08856395774349451,-0.1545721223278795,-0.487466054747564
0.1605739810498646,-0.138713295993831,0.2321086262145729,0.1936719328348271,-0.17527046464441307
-1.4848979684499035,-1.0430910628970234,-0.9565808266529299,-1.1434457866547265,-0.810346170187899
-1.1701130260593595,-0.677938736023002,-0.8609076453458008,-1.1559426982347434,-1.0488774957878348
-2.59104229214491,-1.555252039009791,-1.613732298897367,-1.6346813544410908,-1.211995428229818
-0.015309849172995557,-0.25219293235643914,-0.10170649753403883,0.13418586961602622,-0.21748877656367602
-0.15852957302697002,0.012960278594581737,-0.2917595766777371,-0.22527700969709125,-0.13752057985061894
-0.172946059923423,-0.220317096697445,-0.23322571735313274,0.12481719300115107,-0.3195207811432405
-0.20932367715186612,-0.010787199616686616,-0.09099260170407414,-0.260909776625485,-0.009136000672080827
0.6779258713392691,0.24824278682516515,0.5954789284501332,0.29842102892257694,0.7304463777777482
0.2992925804064919,-0.013119890814519308,0.10900468852745955,0.14987284613435434,0.19338936724372113
0.4599721429391164,0.2128027497179964,0.05198715413703589,0.18826520376020286,0.01130415857075151
0.1846803058649084,0.16353705382554365,0.15274960573948118,0.2889657109088004,0.41193606266626154
-1.0469109826819396,-0.9657450394532228,-0.7904877951656261,-0.8899520759518234,-0.9097685556443307
-0.7567950885694608,-0.47362520207288467,-0.4833175791260451,-0.22242621971522275,-0.07600599087278576
1.328194141849058,1.2679342371308293,1.2284516452546639,1.4160417073431395,1.3469083349143118
0.9278401280812372,0.8621876107140609,0.9263609952728165,0.7338516439479531,0.14883974651847576
0.538296079049633,0.75439439117188,0.37662418240004714,0.6159101886167357,0.4365937646971432
-1.9663565893760018,-1.489919945609733,-1.5533829699807093,-1.6191952378677366,-1.1908334941590828
0.30740669780910074,0.002546016179247157,-0.05357258843277013,0.31657795198691546,0.12683244973262645
0.28257995048829965,0.49873926309830774,0.43067488822973743,0.49475721719910737,0.24291953347714673
0.6628812686674127,0.4092737678127307,0.7439867863450687,0.7354346780429684,0.3394767610017664
-0.651356893791829,-0.3390018150963492,-0.49039537700660396,-0.459813526093432,-0.7225924709037153
0.3088330125989638,0.5618132533901923,0.27467436937154094,-0.3574468354602044,0.21217924389077486
-1.7607627591558177,-1.3172726051785744,-0.9822066497516858,-1.2255331922934274,-0.7158855755920199
-0.13845598398377382,-0.409996549819949,-0.09111538629487008,-0.217011751648378,-0.15011477724001768
0.5885784044206096,0.28722029023452944,0.46770243024087466,0.22686134625249826,0.6784739782541518
1.196631486645651,1.221854082693548,0.7266886669361445,0.7937766623421315,1.1477248662767643
0.648280433843859,0.48479980994652394,0.6053257737617705,0.4176497939380049,0.6216706928198542
0.7223813578277714,0.5938197932506503,0.3535093487871291,0.2654338806929558,0.8307377777072816
0.9325908318730899,0.8978375487311938,0.5088426433689115,0.36481336044723667,0.7235991892413326
-0.5518581458924467,-0.30222194429789273,-0.43594997158893367,-0.538225844089598,-0.3802463841069911
2.006092888159123,1.6606342730043906,1.3840781812911405,1.5803682701500912,1.677022548172064
0.7783610761666377,0.5809551866892171,0.5191471552130761,0.38679828162638663,0.7553806439258233
-0.4532280493272752,-0.4251161286082916,-0.6423451901511088,-0.5412170370780081,-0.5134277168308192
-1.141689114133505,-0.7417715262485354,-0.6016127536477787,-0.7886602701171628,-0.825974813252276
-0.12174750838328353,0.013315899506931822,0.16865827456372356,0.08656300923405993,0.06172964896055311
1.221033695525353,0.9253669562967245,0.4986584398235309,0.7791267518452601,0.9552579727179451
1.088748619704186,1.087421358361977,1.066292278493996,0.2530850514306404,0.8879965401786906
0.14088624691120394,0.0869021745030064,-0.06559195015782138,0.23444476146687465,-0.16235878689565358
-1.5947030672667954,-1.446094888680315,-1.059784892840935,-0.7745215771943416,-0.7176921929538271
-0.027514905050636255,-0.17380606382117797,-0.07958857020495465,-0.25287869757457027,-0.308380233444448
0.46877425607502377,0.17927123759806585,0.29392361213313134,0.11061949833629511,0.08773559268201216
-0.10015407647995278,-0.13460526450469967,-0.12747814747563002,-0.18110356713788742,-0.31562510084175
0.3673655068161781,0.5406372611201811,0.5882997725908407,0.23106530787148655,0.9333677162209721
-0.021367294348436157,-0.1781128716848507,-0.31203511118467897,-0.08857558742392478,-0.08502626518049439
-0.2813275571182134,-0.18736689349095015,-0.07530577885939002,-0.5319583916628143,-0.4422026697297274
0.7942646796218271,0.5040738745719792,0.7686205351604174,0.40156856430554994,0.5956996040273417
-0.03564148229748357,-0.08057499409227437,0.10127477673165804,0.33409275780865133,0.2057099867492374
0.20056919723094285,-0.1415528846122962,0.5227585160964661,0.10368709186135999,-0.0913710079249465
0.6931056072631441,0.5103768399792078,0.3938765030803946,0.6834784997580005,0.6793909964716014
-1.072139011985607,-0.896452285549478,-0.6135442271389406,-0.6032056565317917,-0.8838914604553972
-1.0097307047099375,-0.6997269749608109,-0.7360015719114961,-1.060146453566225,-0.8364637760362046
-0.18289644110484016,-0.101660970232798,0.12473470364827444,0.10380114406061497,-0.4318995698347069
-0.9533286082587124,-1.002341311597379,-0.7789044967528437,-0.7164267024431931,-1.0811230145352977
-0.2918112689155441,-0.016609366323726754,-0.22846360072738398,-0.29920335910711937,0.2617995336077653
3.193107567844861,2.596546662320288,2.6367322233928427,2.3809273351294826,2.6004919234754804
0.11327041053776446,0.1302950318657089,-0.0025886729751911086,0.13919939213838778,0.13309456649073417
1.0800480657146485,0.8622019818946911,0.5161394756456203,0.7799933809390315,1.0839054928564917
0.48473281729447476,0.28423476439113593,0.22426746132981246,0.5192506809593154,0.2943011656008152
-0.4036484632419967,-0.2793583026438522,-0.16182513309644753,-0.14456225597970643,-0.25966571889380485
0.02421945667275807,0.11449325252392295,0.3248654544109742,-0.13549285332377947,0.03935022521033121
0.4283070972076486,-0.006733460502992117,0.2343593855122291,0.17033750155771288,0.022076855100805502
0.5796331732135757,0.3559543711016414,0.6602423113840854,1.0845598608927887,0.49590131621678535
-0.29540141013902943,-0.2873105221919414,-0.5055288460226159,-0.1754738903883126,0.0036511409982519227
1.3171150673398653,1.104926175010748,0.9013826932095764,1.3612565643820762,1.1013598051123121
-0.022868062298882122,0.2203677513463195,-0.003038729176365454,0.26872409984973805,0.35533423364947403
-0.23893209916969432,-0.3454938422551119,-0.24602608775588466,-0.14562286045908188,-0.04470705843532549
-0.3223204692113399,-0.3574487447326403,-0.2515759803754227,-0.16927716587848157,-0.18761523747218195
0.40373009033660945,0.2204772501399776,0.4061904116887366,0.3166521928347693,0.03322774275276957
1.1876793884615637,0.7898379927483428,0.7418297244211867,0.42424272198380036,0.33060243445133797
0.5866938014752747,0.3999177421577673,0.4411279607755927,0.4147381553939919,0.3941282188743189
1.9389289990582848,1.7053036432442221,1.4720310144375985,1.6065189159067927,1.470886599753584
0.3506300992735592,0.06973698034597822,0.011058162962343077,0.024747305930120186,0.06674466577064733
-0.24125765461854246,-0.10744324466425333,-0.1755951385248343,-0.08435051744498878,-0.09298190988176587
1.1070806692869728,0.5452840894259111,0.6883936554918361,0.8885079390901631,1.110437567415909
-0.09053328230416077,-0.1846942251317698,-0.13369102169222055,-0.27162580946104764,-0.45834952904564374
0.5131057981760827,0.344586778497269,0.3662808239535122,0.26149407598310503,-0.11278896407093209
1.0859821161750323,1.2037576275228388,0.9192530544670451,0.5985117701613991,0.968283474266045
-0.22346598237185214,-0.23373324684801933,-0.2683120010617979,-0.36114431471134145,-0.3238677534398531
-1.616310608436588,-1.733297181439454,-1.073601511855877,-1.3334859048475984,-1.3768105063719616
-0.1044492185374715,-0.4833371562022272,-0.4311218819700072,-0.39431813247859687,-0.29152112900811517
0.23836898273478513,0.1975011034571643,0.03424080071056257,0.3929350495377069,0.4932021159713902
-2.703232292999237,-2.0398316632414084,-1.40757292062733,-1.8274174912686854,-2.0735694094022383
1.3736585451629577,1.1740180076558167,0.8314364038803778,0.9073298234294722,0.865266172050899
1.639964529371393,1.3454856446573125,0.9528770231409385,0.9365628702707415,1.1740124996517627
-0.8432465953161917,-0.44214535675182,-0.4073715556833982,-0.2644740729924482,-0.19053671681138107
0.043602446372453724,-0.07303628704946336,-0.41553363368338697,0.11345998439635,0.4289061331469041
-1.3200225112207058,-0.8770358977711996,-0.9701768069362005,-0.7432657308349732,-0.5580604636904383
-1.4063174636718339,-1.4514569479427506,-0.7094308312034445,-0.7850724073295604,-1.1177536101417738
-1.4575514994649306,-1.3470307661595577,-1.4418721640110128,-1.205981372758557,-1.3481000221118342
-1.8751724696457446,-1.861546254702959,-1.8924430083815025,-1.745421132049149,-1.7534120629803238
-0.7519693317388191,-0.6565445255250137,-0.8727842639184533,-0.26119566203846956,-0.5908259785179704
1.9011906857530074,1.5117003051491376,1.583777348090642,1.242052609986949,1.4106826917883193
-1.5841359430054898,-1.2444884559590879,-0.9404591642933087,-0.8771087735129512,-0.958426216512172
-0.4830610516834395,-0.3740721707693246,-0.4562699364682189,-0.16381928073598392,-0.5383190008508256
-0.8911922254152874,-0.8984644464945756,-0.5784929658558026,-0.6989301758895019,-0.8359380144816824
-0.13125696709230472,-0.14305374255648692,0.16950645918929952,0.22290230230199037,0.1565479558469891
0.44194064956940904,0.05406318593437753,0.5946585634509829,0.5674823258759278,0.2730150803182167
0.7082144232565571,0.8392173336316959,0.5566053554818178,0.8515206785717031,0.8727155269530825
0.36150352520610163,0.2284776055852811,-0.21099929925536226,-0.0336676029050465,0.2035706244911073
-0.12853751143893075,-0.20060723295988286,-0.2886267100893676,-0.42403849206726235,0.07771025952566346
-1.0276751409259581,-0.50435204705195,-0.7505040235656155,-0.8123696168855319,-0.4991135005319556
-0.646227309843803,-0.7654311545848883,-0.6045307606130461,-0.4585325196758733,-0.6740230082278346
-0.6706202090766449,-0.7616135900677097,-0.6013660617603793,-0.49715196291779834,-0.7892647511426775
-0.1343087414705478,-0.3266910581501513,0.05861723140581457,-0.1089641832808034,-0.17878199823238944
-1.6624919880356743,-1.3435678667684359,-0.9794306687108516,-1.438608554494059,-1.725864089364296
-1.1057046684859357,-0.7982374088612292,-0.8266582876862932,-0.6788485832430702,-0.7194548206562009
1.395683810789956,1.2644821422555317,1.2968835232820013,1.471495829445223,1.1589700622026171
0.9648516330974576,1.2862803699769598,0.9398422008680346,0.8547277812107976,0.755292385625959
0.2801611588196068,-0.22575756378446732,0.08525450484697755,0.26799336927733647,-0.24070969521867863
0.5462842480036996,0.558774516227843,0.6220833102921954,0.5818360845493784,0.6717470411311676
-0.3700110298821277,-0.4074349384201484,-0.2927855868195252,-0.18570931270418117,-0.2540314070483508
0.6969544045107356,0.44028049383083384,0.8921235858241705,0.8219643895075814,0.5311152798922403
0.4477169258102776,0.23421911499744658,0.006441964045460935,0.26073829217942857,0.280022463438701
1.732514999485092,1.2042580654264787,1.124500739552086,1.080270861684216,1.0651616153509367
-0.5426737997340217,-0.09723407286652702,-0.325810901117759,-0.5065916623424631,0.038254570149007766
-1.9792998103757877,-1.4149803828978498,-1.3262534819656506,-1.3720160479927106,-1.235907207795793
-0.9193845915864234,-0.7308684775576638,-0.42536074163989307,-0.4750722340003934,-0.8726853794984664
-1.2295495944524168,-0.7134365250645335,-0.8336854681927999,-0.8885106172826813,-0.36858910724864236
-1.5029703283951532,-1.504882055775898,-1.4873957108315874,-1.13327867906441,-1.1688447837190927
0.3080505395041023,-0.01970059466290336,0.316617870644181,0.33769739079939687,-0.0283618857169365
-0.36961033604363397,-0.7312818152738447,-0.25319795937557754,-0.08248743191364827,-0.7141956623974051
-1.7730324682068814,-1.5583088825901628,-1.7423806307563707,-1.149606245817505,-1.20068435910774
1.3744380931708173,1.1318901798776047,1.0260252738145301,0.9757868304899106,0.9484357560786609
-0.05489400061628639,-0.023343484906562295,-0.3524784119161715,-0.42450427804251534,0.1734719828497898
0.08958068125524882,0.10153292721617514,-0.05768000070793555,-0.05626054714491271,-0.0251398639471343
0.5935567222808619,0.19263401161147314,0.1740067792313129,0.31583791408618983,0.04285562325624742
-0.38851845308888583,-0.15018381394830427,-0.07746143108053702,-0.5535457049031872,-0.077014756192753
-0.971656734541286,-0.7293998839852293,-0.681282297631775,-0.3834427088487279,-0.36761636450238955
0.513085420097293,0.5570791923710341,0.1665482676087512,0.30032905758451095,0.45807650622001284
0.8004095252276823,0.26177518466413546,0.6547505106045503,0.6583345812489501,0.48983689470814795
1.0701502383164274,0.9184183624126999,0.5238394630963408,0.9107011730703605,0.8167239452202806
-0.6751782749743815,-0.7776956679630107,-0.5048750797819053,-0.5980499079309841,-0.5992593529552522
0.21329370737293857,0.09117031538807849,-0.028804185555418332,0.18860419490381414,0.34428162421677594
-1.6075598643689741,-1.1791749117679027,-1.230667822220962,-1.1572638992563617,-0.9296204500333496
-0.19382613877280352,-0.1368421897670602,-0.03711157670884302,-0.1291924595958425,-0.15471793940551382
0.05993263026632825,-0.12236189174280115,0.09754762742222958,-0.09144637448545273,0.16962146179391363
0.18384954475369486,0.14833426703983954,0.4038188671999914,0.56818800751878,-0.21351411207876475
0.8071225966373103,0.3393910142611197,0.48892786266270044,0.44332017570489013,0.7470453235525258
2.7596600389110777,2.4377815103085214,2.1724546451407636,2.112738722999877,1.7552987041069288
-0.6947131310890582,-0.5968273087704968,-0.613952222656543,-0.8984676189926277,-0.7530552359145457
1.1210306673244714,1.1205345227106425,0.9330736669999881,1.0576394396677413,0.981429038487694
0.8250982646676347,0.5547722743148992,0.6668780242299894,0.8072327467504613,0.5457370544684456
-0.8192578597214978,-0.7601214854585148,-0.6573273449891784,-0.57114725982481,-0.42613486121724087
0.8508979621679722,0.5278810124068085,0.2230631879875294,0.3841959668346158,0.22042007377242295
-0.5827586576115821,-0.2909721397506506,-0.3123767914648071,-0.2780541785078424,-0.20584617390613047
0.9653974845911707,0.6304317562072415,0.7447405646288492,1.1418133518640659,0.6051606396396138
-0.31607285602704976,-0.1239391983386045,-0.33125288278469645,-0.6115776353053956,-0.19880861372729802
0.0005279588565972928,-0.07606811244858022,-0.27943386152077826,0.04484311644915315,-0.04514238449397749
-1.2207124259141586,-1.3717626007096508,-0.7267091630691813,-0.9612920960241166,-1.0928580586964298
0.32674476460232005,0.14733299812456283,0.3058613839174093,0.24905878014794547,0.0531324664262522
-0.07576428653545988,-0.29643307210093756,-0.17262827108235318,-0.14893304686285783,-0.32455254733863637
0.3764095260975166,0.3079081656144808,0.05317063610360506,0.08616841332089756,0.26804992617044315
1.6426729532559634,1.0760568154698729,0.9797905555846743,1.0468923777257093,1.1484449037508453
-0.5441140021141926,-0.2500961815484307,-0.08656777616437922,-0.47910694036698687,-0.413445657878724
-0.5132135664715852,-0.4287860252478737,-0.3577102026365455,-0.14253342041765887,-0.47378515018860384
2.412615421612916,1.8945731383385849,1.664562238907892,1.272042361968603,1.6410486247280993
0.54711911517521,0.5688737196976845,0.5461595197418416,0.5452643565324891,0.4984027601668195
0.4384757388097273,0.5435619778629543,0.21942682527448515,0.19785385512677076,0.5515929700529942
-0.573601772896901,-0.4629011686714511,-0.1255026309938101,-0.5138267403177752,-0.6130481659724327
0.16476084123651674,-0.022431386920644725,0.34621111152141,0.24486545522290973,-0.29588698067020014
1.4898634386020821,0.8370968276592399,0.9027459533582577,0.6456535394428404,0.5893533420631292
-0.17585440443207118,-0.27789347495269295,-0.2970292941080156,-0.1812107150721078,-0.3743698213462513
-0.6163614080394775,-0.6165315757611743,-1.016766816486547,-0.9378266713727208,-0.6670246268845808
-1.111457956937032,-0.8677548749511662,-1.1123715952641395,-0.7972774040169023,-0.8872051890298482
-1.0150941918278686,-0.8811047296899004,-1.0397724698124557,-1.0068181313822049,-0.6825048869613117
0.9873345165891019,0.9274542076815672,0.7989415887964982,0.6243116387483783,0.6861359637489505
2.0895387216947734,1.549034323101681,1.444232916889619,1.4722985330223897,1.4012050535225058
-0.19003903500149447,-0.16343946137178395,-0.4131184533953307,-0.3957714177271773,-0.18526819045303475
1.5334337012963255,1.4635444496764385,1.149547377058183,1.061599631408143,1.2355975777107435
-1.5981243518837476,-1.210134438716005,-1.0610350780272055,-1.366429872213352,-1.1408354469846032
-0.6619821777966091,-0.5415932505750002,-0.3879011940876872,-0.2937782280344874,-0.31096928067328355
1.804348109786743,1.323089599442359,0.919166878554303,1.4423887564465727,1.0674393598342256
0.47240627788037737,0.2512787429613065,0.28593406573181446,0.8617779110268691,0.6891842044156212
-1.2504077339697175,-1.1704488377661635,-1.25300667370903,-0.9831321337382113,-1.0445164194548684
0.2658782296520485,0.10450121056505893,0.3446352174235967,0.4018462069896954,-0.0790552391437924
-0.3583401520212222,-0.13553895386811488,-0.06300247890034585,-0.5246621869501251,-0.20110735700755183
1.321304032273012,1.012665571559956,0.7848462423396012,1.1430069751061631,0.7802653389783255
-0.684629825760004,-0.8176584744842494,-0.7408214957053568,-0.41493482764132306,-0.48200862608117145
0.7307641190665245,0.9382451538651764,0.5546021955931537,0.4173598368736247,1.1300761585896688
0.10589445311523424,0.14870860072122,-0.35299887217228476,0.14859439243498163,-0.02351094014834354
0.10435593752321293,-0.19790393008406354,0.060000424424502735,0.014847329450017967,-0.047813692570635766
-0.12754912037753421,-0.19040908175019217,-0.1754661939818509,-0.21281116234666536,-0.5291899154950405
0.3636318826249679,0.31308278266565787,0.4697757926257531,0.4284300551857867,0.4071597320434002
0.4367385517335095,0.690309260046283,0.2057802102881291,0.04433660484259175,0.2503437775206093
1.192507512477975,0.7323835183306061,0.6921442220881829,0.9581856467064528,0.6019188813234031
0.34767648353833636,0.4733493307018584,0.014537989371902649,-0.06631217322127311,0.043858648486767515
-1.0858251288851855,-0.5887628177136799,-0.9203995224555473,-1.0125008185009303,-0.5105776909675399
-1.7258067287905967,-1.5063762440473916,-1.5512126368231596,-1.4927457039271694,-1.1501885861119332
0.4620608932518965,0.31414599082947053,0.5244689796440786,0.5465119566616145,0.35711822442786817
1.7388996637975789,1.1838578815633092,1.0849548266175038,1.0061867238620916,0.839285405029469
0.5225141052657575,0.377319055996545,0.39928790638076495,0.09912164778517524,0.5740325351542521
1.0519476177229186,0.8342400993097487,0.700093157882023,0.579680310254817,0.5243661271113631
3.109918556005361,2.619864844420763,2.0870256781263468,2.072369219516586,1.7612232125219456
-0.3206676255571917,-0.038497406241664006,-0.2055431192854236,-0.4466787946699232,-0.06542428015456167
0.4215866106144557,0.18765007556723515,0.38690899435011733,0.09306202017896051,-0.08044628333427412
0.4395012306202264,-0.04186402834901776,-0.03436047170326259,0.5843155703867025,0.34789801280643506
0.6687416555925126,0.5307443686187617,0.6554166965281606,0.35755026008549196,0.34948415986222087
-0.29396694766418224,-0.17646605213761768,-0.3698674737689157,-0.33014224232784056,-0.08417965587208352
0.5752050161065663,0.5100475504222614,0.34401998796539335,0.29424260146892667,0.6746013800044663
0.6988284202025348,0.49372808666021906,0.6036692607013426,0.4367277108074626,0.1854833923142258
1.0971527117536957,0.9026725893357435,0.6866909012336733,0.8378067931887682,0.6797581653795954
1.0599363840466218,1.151038068907747,0.8827945845628081,0.966720977538182,0.96550492007469
0.26125053123385605,0.2853472587795867,0.15329127749318555,0.10462583718449825,0.5101063702299702
-1.0293715081820716,-0.8981708915462742,-0.7582634202141544,-0.9623496286769603,-0.9592839671189417
1.5337277099164992,1.1269426045140003,0.6287988152077502,1.1198986556194803,0.8932344202044428
-0.15589817793666752,-0.15868901388488016,-0.4914921561754144,-0.2780243518841693,-0.0829925987850172
1.4484992298929262,1.4861473762804691,1.2932872290399715,1.4427789465445928,1.209076364589545
-0.9637589262106109,-0.8076672828737282,-0.5167433668376138,-1.0413180967323226,-0.7664906221644103
-0.7584953347000695,-0.6107551366641971,-0.7445715490555981,-0.562146109245603,-0.8454043989658246
-1.8461878622380938,-1.5734130039777359,-1.4439235027465944,-0.9323232792186336,-0.7808787976409122
-1.44964521969853,-0.9399195042704311,-0.9478546105499341,-1.0296527591870173,-1.1423893763802444
-0.7217375533372533,-0.1854225917208676,-0.27785203385314605,-0.444934519543087,-0.3090844516934883
1.340461051790348,1.162491451318556,0.613442506956571,0.8406637618168353,0.9431977921677652
0.8187776437548606,0.6715766957609737,0.43365378121004694,0.3892134062089716,0.9022476661906349
0.271495310825648,0.22455281529536536,0.1365976240314586,0.10082278753229607,-0.09999063074964001
1.0473177066214483,0.36099280754000956,0.7725847350199369,0.6603979578182735,0.8114558989652381
0.5142547560178349,0.5604339776712314,0.9249436680545858,0.4501952227436936,0.6227543176462514
0.5646059258936003,0.47851802391404896,0.3802572247590712,0.6237165703011806,0.5576448503234328
-0.3695269288333586,-0.20995313293454188,-0.5291448967178396,-0.26725312376119226,-0.4030745542926739
1.7495839042054206,1.2573746845475955,1.3324579729072485,1.282942397265728,1.2535357783158902
0.26348721533105957,0.13389839646942933,0.43611228451450057,0.44155400131624745,0.0681079137925718
-0.9161919154812425,-0.8151585196856287,-0.6810406894504096,-0.6917642086133542,-0.44329212375570104
1.4872461553359273,1.3941215210833495,0.9805298249621099,0.8322696284486348,0.8919413953630535
0.07595526791608741,-0.014987752987748744,0.22508009635772291,-0.0001107152133873468,-0.03165756524788225
0.8872908372667421,1.126364734235353,0.914263962603664,0.7209785281690843,0.7810577813893028
1.0729780477660118,0.9445549220158169,0.6146393316486262,0.4632046100912749,0.5081897437514736
0.7215625051261435,0.32211347210176855,0.5337004177004707,0.4020529658133106,0.4621479363866372
-0.6058608207588934,-0.5103979152575061,-0.256596671424924,-0.4482063252478139,-0.3336088972469211
0.8595878869798019,0.5573352851525584,0.8333725375474471,1.1020954157767022,0.9068318356047451
-0.01383774609423725,-0.44994669083939465,-0.1551926753608282,-0.6223751565688096,-0.8126555831159132
0.8132051867479773,0.9704583374211397,0.6261242053644667,0.5398078125638509,0.9570514866900479
0.570612997219531,0.5971189062196256,0.7098969348919058,0.8573427314075289,1.1165639442254127
-0.8254105299789551,-0.5536869604033017,-0.8208434537066451,-0.6341327006477494,-0.6127802042716952
0.4818660617184915,0.41857358143473405,0.45422096347386703,0.5251183047611621,0.787709362710983
0.3278795241593574,-0.014099894411001623,-0.11429553171650766,0.10539885999709347,-0.029472533059438255
0.17521141890851205,0.0434457072157223,0.31371467607089326,0.062103761748466074,-0.2297833946582882
0.4826878872092127,0.5545064647241728,0.35608677989962584,-0.11287332005824718,0.23771539433567038
0.47363207681145447,0.16866165549266304,0.54113118218302,0.44699644100505037,0.44493671913216815
-0.2950899142379063,-0.7424257946404877,-0.27199014423999407,-0.3819533443116384,-0.7276767765440905
-0.7095798547491726,-0.6130850853555233,-0.7833594989936292,-0.7572428227301816,-0.7150916298336658
0.43295982536069616,0.3180163494830492,0.5968103639407115,0.3121106245247407,0.4031508835058899
-1.5859833122379583,-1.241673966507425,-0.8552447927856606,-0.6275189606847489,-0.9326480447621651
0.5346290861224353,0.5734069976008556,0.6157939408613174,0.9411367192442958,0.7433098048311502
-1.0138959522925377,-0.6835955993877885,-0.8643442289698494,-0.7078544849992747,-0.5749477969807884
-0.4081008391602206,-0.27472671027939216,-0.34767122353540975,-0.39526226986059776,-0.18748964321550005
0.03823799496002834,0.26969667358536453,0.1291134430367754,-0.1685047082915206,0.024806354501854325
-1.1119670257741636,-1.193367576781994,-1.0547358657879666,-0.7729731243156384,-0.9015662949578094
0.3721054726068629,0.39860074098096837,0.6441022730903629,0.7630642182919192,0.28260510893697005
-0.6256772874962124,-0.37523415732958143,-0.3965435966017733,-0.45835643104422563,-0.10496069921033885
1.2374381346841392,0.7420380505312635,0.30066087307997724,0.13944039495500177,0.36020000544179587
-2.246889333984605,-2.098085588924162,-1.6849991811183072,-1.4387454716780603,-1.4647054973480373
-1.876552706041874,-1.6504305901286196,-1.5030370094229857,-1.154755943895934,-1.3834065294425248
-0.18452535765584954,-0.279928574627738,-0.19122656243993574,-0.4674698961154836,-0.26779831145982363
0.6515219913395057,0.6719014857720909,0.4536075682442402,0.47734866056608893,0.447352579454941
0.6683404887180808,0.41176463423624576,0.6191089179512517,0.6052249658949528,0.22542718407662743
0.7045065398247231,0.3923355282035377,0.6938914840840991,0.5447377491617412,0.04987056414958463
-0.8610879101735704,-0.8111970754777682,-0.617292445278385,-0.7495063259978529,-0.9226349748045087
0.2965755451407618,0.4609869029434518,0.2187216060257846,0.4093063051793298,0.33460226267668564
1.0715431522348857,0.859843196663299,0.7854570941545985,0.6621241493620571,0.7569189985723733
1.80930634973311,1.411594874715106,1.3320515605966123,0.9595059315919028,1.3368845669632872
-0.7847619081277034,-0.6498106262423731,-0.747810149909531,-1.02292372034883,-0.7859149838094426
-0.9077561801469204,-0.4677928772522318,-0.47843022353488285,-0.3023046574728594,-0.5477592764466317
0.8545252270666157,0.5337858363326442,0.6794068292051944,0.7369056178029477,0.2528002299399283
-1.1755946056248516,-0.6773740263118606,-0.48292126275064934,-0.6458116379243667,-0.5041551835836056
-1.3671378064602457,-1.051610985383896,-0.7479822427875966,-0.9341029470692976,-0.6345585722852582
-0.6967718184295749,-0.5895013311387296,-0.6623712920744325,-0.6494569270422283,-0.2952718232046485
-1.962625691672579,-1.069920453751207,-1.1382293070598588,-1.4554893291812974,-0.936612521375666
0.6791427754381955,0.3321863223908371,0.24903660781745451,0.28498062439028304,0.412514644205107
0.3161559571827783,0.18218761383282142,0.3519206829294055,-0.15678678697916137,0.40180128814781263
-1.0166831285764972,-1.0598327506939977,-0.9296142292484695,-0.9257316738236896,-0.8472028602801435
1.4313667818311835,1.3355858195721806,0.911708492112129,0.8750426063071062,1.1930902088402746
0.38680852068920263,0.6472846032816979,0.44359870986859157,0.45413890166120147,0.46045566009697925
1.0450884740847535,1.1700553355487306,0.33864741207616766,0.5455090617896957,0.5932772456951956
-0.8184286659420014,-0.40995318212440024,-0.8823954024893663,-0.5213450045974354,-0.539145190753786
-2.100026507651624,-1.7195452996804925,-1.6013752204848164,-1.2107336702318905,-1.3967790885847935
1.9541574337502863,1.4902777515022598,1.4406503956527894,1.5695571505260508,1.3771908705594316
0.0036956718478473255,-0.3312774170205352,-0.17139914321387467,0.02702058092930043,0.19459689503754765
1.230874513154735,1.3918743175601465,0.7171122921018915,0.7815672579388074,1.085850201435944
-0.5309708978119645,-0.3309811026198781,-0.5283581481196469,-0.6198892200553565,-0.14878673878340504
0.41486550036191044,0.23350101931563177,0.35572492142312356,0.4562249789898769,0.18995265697107894
-0.29660745906979835,0.028325410541554824,-0.023449752246760214,0.2079265919176824,0.017038046747190783
1.75547569831549,1.209827655300392,1.2374415222286743,1.2655880961477495,0.8397714945798704
-0.4516594761596227,-0.28000317408316333,-0.07846393409736258,0.1714024655824305,-0.26504676735048316
0.6295295842218108,0.4690978405192817,0.5349735489585368,0.16068691165992227,0.4350610560822963
0.820344012612456,0.7840106380660251,0.49588406693439313,0.29565855486283144,0.5606159853772912
-0.20585943088034037,-0.17740225254149658,-0.2122508018849426,0.0037962084435393117,0.0832852349876106
-0.28487549336967083,-0.5180859729179815,-0.5784367700018007,-0.2924668633179384,-0.36234085307716035
0.8745170741325226,0.7147289338400256,0.6300494191399857,0.8645830326233649,0.6177215237634763
-0.3519213178165091,-0.07176422587813486,0.024930197172572693,-0.1338907764029225,0.3464336043096342
0.5950294658355647,0.4701802914976547,0.5756268373092723,0.2946674367522685,0.35172769218166394
-0.8484286341908146,-0.5237198830348345,-0.30092841682203325,-0.5024614688461477,-0.23237017653368416
0.18383451632250436,-0.06203828407680714,0.012728724178411414,-0.2279114979843805,-0.18583826115033397
-1.7762463334664518,-1.426249225427132,-1.046777975458514,-1.3549278581893933,-1.1203079968363838
-0.11676591579524663,-0.2183148236539128,-0.16253825028339114,0.08276713315214693,0.07944437758363378
0.8141517621182666,0.8007175777155553,0.9416081708877786,0.8768614560963401,0.7851873775733513
-0.2788833941507565,-0.21680840286820607,-0.20885556742426484,-0.12249472766879316,-0.637730044560882
1.7041055162554912,1.5012991482717155,1.4438887773701157,0.9149822132581488,1.1789246451116966
-1.703871586826719,-1.145555184229802,-0.9005798758203288,-1.1134613001613969,-0.7752794910343052
-0.29983819627488056,-0.10154684199562677,-0.21906867645236944,-0.4525627268229101,-0.091200756638703
0.29562448874709507,0.2911232778564049,0.27882702523930386,0.4650872563521127,0.40336791866532606
-1.097302527632844,-1.0774844738085563,-0.6141239209177285,-0.8013150061327493,-1.2313365729164625
-0.5482687949250771,-0.43917225807344196,-0.43248670767058384,-0.6094517431945743,-0.5904298919374492
-0.513196364513396,-0.5171751720138835,-0.6759291903620952,-0.46969098892591166,-0.3689408736558158
-0.5312142946075985,-0.49378422702692415,0.014858995505105499,-0.3345730110079196,-0.31456578416115194
-0.3078084711388841,-0.3211536070611575,-0.34420321055521663,0.03594410936310111,0.06102442459881638
-0.6373077470287948,-0.7058313125794847,-0.49865205710073424,-0.6013461011586498,-0.6328759689245046
-0.9096834169818336,-1.1192144514122648,-0.5594047100243709,-0.8674809026474081,-0.8506081243068184
-2.238231233324972,-1.9242135963255311,-1.8180784763063857,-2.0531065870040464,-1.7671852855102737
-0.4997301761516306,-0.3611082505364727,-0.5597711458811832,-0.4299578292958086,-0.5430408464109376
0.14125714008746323,-0.15662969701552745,0.07438712029404002,-0.02612831861898396,-0.5529745800139612
3.9262377064363267,3.144126612443386,2.5477415573687012,2.3038107842196656,2.6638211411579467
-0.04551224530124217,0.3436438886211992,0.022755828562154627,0.22874272555552203,0.3095985925219384
0.7505791675217656,0.8050746450678603,0.665819710144322,0.7000085805522833,0.5694123527863674
-0.5353350870162231,-0.09955976778887266,-0.35152585320980617,-0.3603879518778577,-0.49168685753985386
1.8486088332964115,1.5571126420236745,1.0827480206181588,1.4454079904000017,1.4938378852159526
-0.7188323876087304,-0.34156394548969504,-0.1430497862104712,-0.21224566284795804,-0.3217960809873148
0.2522403964266774,0.056999371047784436,0.16392764031750912,0.0018960343939881386,0.14614337742049624
0.8691545924968965,0.5664556205931204,0.8907444059787326,0.49611556659209843,0.8615177484158534
1.472670675750982,0.6303084993732909,0.8734206376513893,1.102032834251721,0.2805087738355498
0.9965705105794472,1.0344855032720177,0.6326285099331761,0.7309529994985196,0.7000570400722936
-1.1476913898156673,-0.6100883158885566,-0.7030360056233687,-0.7063414045814821,-0.6198305335699613
1.205994516546816,0.8541601641679989,0.8160878822581638,0.6395333989482105,0.9953213530145926
1.7473631979155582,1.3471002170529995,1.0422593724754075,1.2374385415575373,0.8522110888577639
-0.8245141615276735,-0.8103837519603312,-0.3614153545944369,-0.6254715830756341,-0.28669952096276796
-0.25885440036983165,-0.130552810000367,-0.29304708776382515,-0.24115792617219833,-0.12350788353862158
-1.9122549754197768,-1.3048174712751734,-1.7156260060515542,-1.1617635633111365,-1.1506196841052168
0.10575379127148042,-0.26395136175902384,0.23932469789949962,0.0058645485063628655,-0.19622340514728673
0.26402008133367,0.2931037711953865,0.11908156886292628,-0.16135719133593368,0.040202498880446025
-0.9600462952794637,-0.8233713905674,-0.8485993433330767,-0.9339676938190382,-0.5645897906323205
1.5163940552535728,1.2357941225961961,0.7758577469996504,1.115760486238814,0.862500468612874
0.07748051851886253,0.15378321514994822,0.43306352112381385,0.2551638433331125,0.23790191841867342
-1.907807557877391,-1.5638865340564772,-1.680965856597576,-1.4612848415277375,-1.4535537060336026
-1.3354815690998914,-1.0891026259610692,-0.9827816761971364,-1.029124059181125,-1.1146254830337985
-0.09363618873917084,-0.11768398450226447,0.10040077478782336,0.09977781593009902,0.47651798921445027
1.0383788510193166,1.0247663211731095,0.9109627084622105,0.6099156535945662,0.8816446357329275
1.2002617497388293,1.0439613918165627,0.901388430015945,0.9017931856304289,1.019567899711295
-0.38852077518300926,-0.2666999125989353,-0.6146035330286685,-0.5475006370472625,-0.09671478253980748
-2.4883273534129895,-2.244852226948848,-2.079564311944606,-2.0066885431980492,-2.233187888192433
0.446872500802698,0.28178205199952755,0.34553093360971165,0.18946388679996157,0.5763667790641114
0.6102161695892225,0.6679067677392129,0.34804530111897586,0.30822309898648703,-0.008580445359541389
-2.049941278577478,-1.632413708237198,-1.4740228597601448,-1.41935162252179,-1.5590069937065596
-1.371673697230466,-0.9654326638665451,-0.8391179660121681,-0.8372255062748309,-0.9222335848381564
-0.8567720938267928,-0.3321153149959075,-0.3355200642521483,-1.2145899215172653,-0.4473014924586229
0.31745326125017514,0.46168382284190346,0.05199590591512193,-0.013750444683234164,0.3166288135284694
0.32159321133923857,0.27590623661133934,0.682897687648812,0.3234823641240123,0.22922550306432865
-1.2693304965466992,-1.1176622312765048,-0.816468048745475,-0.5333070103952037,-0.8329889108100087
1.8180619225578247,0.9437396188350802,1.1918100161956238,0.9879482538249531,0.6670236427440204
1.2005316584738726,0.9267483422845276,1.0961976485376228,0.9512510464245807,0.5419778404012561
0.3099989831655551,0.18279668736907423,0.6829200521934945,0.6961736760907874,0.46383243971589283
-1.8179792253871547,-1.3763101414306487,-1.609626675334146,-1.633636066277975,-1.1771356822345447
1.279464931657751,0.9927908999312633,0.8925172073099839,0.9475879007599746,1.196849785218162
-0.7068925679873489,-0.6295910662772379,-1.0180099358515116,-0.8504153683224482,-0.7908826696261189
0.3614173172731029,-0.06674593228296183,0.19921518548126782,0.12332625264390137,0.13551335848357784
-1.1617838439123638,-1.1174206409599043,-0.843039265859125,-0.9625514106992585,-1.0159591534586665
0.2514736089405121,0.2965090953125212,0.2068571099754605,0.03696082588321184,0.42708870199117266
-0.4835614838465371,-0.04366766085069079,-0.3857877543781378,0.1966427342914286,0.23718477911264244
0.7396531517246714,0.5722174446306124,0.1315889060138543,0.5173879975097435,0.5407887458761819
-0.08923415422144892,-0.0058251086623344744,0.028342126972928934,0.1959907614578338,-0.012603868093247865
0.4430021304473752,0.5448973357484612,0.676057162731291,0.5460224146387658,0.6829315615623587
0.8467707752164937,0.5152378329331451,0.45975304634150393,0.20135817094280745,0.4989310556940424
0.47004418736820214,0.44939815855165016,0.4578535270542251,0.4501506798336324,0.2677960186638433
0.8419836954521269,0.52548893509527,0.2650096655706343,0.657383267310574,0.246948606554448
-1.6312758154609455,-1.1320557646705542,-1.0638120243931362,-1.248715030749455,-1.1115545481635283
-0.6065033882157397,-0.4549221009822453,-0.5184047839514748,-0.25689793543466055,-0.046939878150103476
-1.7518288067517191,-1.3417726826050875,-1.4309297982779685,-1.1322362000410595,-0.9154370378287626
-0.9457460606967811,-0.9131165680411427,-0.8988807290039595,-0.36744270691756226,-0.8805682468340705
-0.752435237353035,-0.46054171796027105,-0.5931024504712008,-0.6217716776324181,-0.6964080172458722
0.9784221120280351,1.1996802738686312,0.925601801313114,0.5420873688813143,1.1373711449214703
1.3305749040390402,0.8628775841455909,0.6617180870240937,0.7245915745507445,0.507976841901012
-0.40968659262949736,-0.39570107563310264,-0.40297668531825004,-0.03795111254637429,-0.14694691441537228
-1.8800100339077637,-1.4576865322925927,-1.3856053322414892,-1.671927322628094,-1.4994043592312485
0.18517553682991406,0.30542167186309455,-0.03559357493248644,-0.35384235832723543,0.40050928052402257
-0.6769951384585313,-0.6535053678247189,-0.1752161392416779,-0.32300545529376107,-0.6430898171105355
1.1834936668899279,0.3801888754833943,0.5351044000777139,0.5989213682322254,0.6364620418008698
1.78179890877106,1.697277025849653,1.2661951794137276,1.220743213909052,1.42156091049458
-1.0501407396021456,-0.6880113677648879,-0.9271353700950388,-0.6018480896317007,-0.5429222767015857
-0.9878733409007492,-1.1388881788179324,-0.4759071066681307,-0.6960260482513224,-1.2862024380364363
-0.41790954576589057,-0.45584139496862364,-0.23512614565363604,-0.6358154427539349,-0.9048321404484984
0.18947982122108065,0.4652203428823297,0.046987612226510794,0.5034832848190254,0.38606400312164263
0.012499321907250335,0.29955874121737347,0.31736359509083095,-0.06750049068852271,0.2088663102071896
0.7719201548366751,0.8052641284051291,0.6676790547976519,0.36403225945131124,0.36732858933092605
0.6032475005713938,0.4473755136651425,0.48728708860754,0.6569578384160929,0.24777397762864492
0.1480894197982762,0.13506901960112297,0.04566997402898444,0.0006059333226006575,0.19351771772268056
-0.23811043631205406,-0.21667351007486857,-0.33394046856988224,-0.24149833235973672,-0.08988270966141604
1.9412174364637491,1.7786219058247668,1.5717485097902248,1.5017444033136533,1.4901482524113705
-0.21566763754763232,-0.3477025913371279,-0.32116204217407257,0.0019847487333171654,-0.05198578594506656
1.3554428011054958,0.9231943099075557,1.3180308194400356,1.002697309581858,0.6198853196750616
-0.8617030702562581,-0.4873075388378034,-0.830902017828091,-0.3730516340508799,-0.4754869969353402
1.503419828428999,1.193863571640887,1.4171003402777547,0.7410480977357404,1.2682080934619888
1.4185313451480366,1.410518547209191,1.1101574669772154,1.1634329722407162,1.209005445985693
-1.0753123930492379,-0.9945523558354995,-0.7762047564710475,-0.9085123714116456,-0.8440226220073934
0.33855287628591424,0.25988662896096637,0.41387398015713395,0.5754250058988175,0.789748796339773
1.0613709648731335,0.6646141749297162,0.6040198759145944,0.6945652320812002,0.32726964141243564
-1.1818741254208012,-0.9440267640519275,-0.7012954149862515,-0.8878488825647013,-0.6734846498721447
0.41644603810145264,0.037447443081402354,-0.3220515191010885,0.17032602620447218,0.406363529671803
0.19613145902390733,0.0593784830281333,-0.028118632223994175,0.24584280016141558,0.04440834456559542
0.4751677464953816,0.09288342421068174,0.08063633904268222,0.3507004587869532,0.3328663495334642
0.9137716213855857,0.8698019437467202,0.46712519134245645,0.34641947716460475,0.42940310995523256
-1.342127748485115,-0.9303843308361618,-0.9931701411091963,-1.0309225805621416,-1.00485385178381
0.7060789138151315,0.21881058495523625,0.4958326260304756,0.47995004851395595,0.3522646487368554
1.6284685547723217,1.569551992917972,1.4256318749614134,1.213388241363482,1.4654610027819457
-0.5193963718261266,0.0839659278230695,-0.18633305612606094,-0.13234267609320546,0.23486405634712926
-0.16563141031763223,-0.1233038509068376,-0.25294555340957675,-0.5704110319922053,0.06882009724613453
-1.153332403205745,-1.050888774609525,-0.8181295464206966,-0.7217193689398761,-0.8605383871587142
1.9532591375265682,2.127473428221864,1.6397287362000135,1.3791988786033047,1.9289660715486274
-0.07744346072599365,-0.32574846824129705,0.05076496275181733,-0.17837152246646099,-0.3174215063745463
-1.0240285908863795,-0.815201579335284,-0.6011874286574717,-0.7985837633714605,-0.5482778142949549
2.1650560678066024,1.7679693087716666,1.619014109318927,1.4707205379466188,1.5434955062174218
-0.5639474880582432,-0.18212846635611168,-0.5160628851682065,-1.1522211701824836,-0.3658078494520273
-1.5769964821909972,-1.1896493907274401,-1.2759830894801467,-1.2814497428267677,-1.0135229824800869
-1.385987942398998,-1.208517133076889,-1.1655069830501723,-1.195760935108927,-1.4047795623383739
0.4914294527201998,0.20290668809856863,0.2435334660064193,0.40054180935517253,0.017082183893538244
-2.5322460852196853,-2.0941612322249754,-1.8407613267593848,-1.9103083012937323,-1.8090809417596003
-0.6749340187905523,-0.7413326872214706,-0.4168319375361056,-0.4797291425647612,-0.9261741710305444
-0.14702542343084998,-0.1080552747877434,-0.11615303275482354,0.20318394305799098,0.16236423868470243
-0.6073544332122114,-0.5987227825418664,-0.4800690937885711,-0.23609910683722835,-0.2557522083186599
1.063940987560856,0.5523452313907349,0.7263353241976492,0.8965648046920928,0.6658106908176267
0.46654531145012695,0.6242654068350824,0.31737121514912014,0.21359212455752846,0.21441007891672348
0.8890371222798921,0.6116951931381058,0.4429486675527865,0.641400771791002,0.8354651351938671
0.1455211977682408,-0.13721040278046986,-0.31949010141216255,-0.11636712154828749,0.2902057498109034
-1.1410085097527383,-0.946458634699699,-0.9934717169016533,-0.8930107327971443,-0.8063630351697678
-0.4776455826040052,-0.3684421528896724,-0.2547263465153469,-0.2110117028984309,-0.18226172691308543
2.052972024501663,1.2930842744855238,1.2738290069885752,1.211321694911909,1.1795948041240958
1.6957228778108653,1.422907835673845,1.227172382122398,1.4677587248619461,1.4001461566626505
-1.3367254388759306,-1.2788118648387974,-0.9587200214071412,-0.9502042120328161,-1.0762601338384024
-0.09139955750911445,0.26908611583086595,0.1391639552792363,0.14277787235998174,0.1973721832377534
-1.2845842656999693,-0.9228753101446284,-1.135061296326581,-0.6767381289591605,-0.575603104675052
-0.3021805869826214,-0.3217244676079605,-0.04819576248297053,0.06618021512879824,0.2959442163531514
-0.5152183938082427,-0.5612082691100643,-0.20050165976604353,-0.5680718419678195,-0.7871607609367322
-0.3270173176097711,-0.2826073956005417,-0.4742608489287601,-0.23153208761343566,-0.25978656052494914
1.9351540400602292,1.6706813803648415,1.304014060211336,1.4658111190007557,1.206060066872715
1.1806409124521446,0.9394139042446759,1.1103627641287135,1.094774075064493,1.21048554478137
-1.3724655478841008,-1.141404199734652,-1.0580247381135062,-1.194855081221969,-1.1608466380713613
1.2208212988130478,0.9883310972140175,0.4629543890803589,0.542103227753898,0.4669894678974211
0.47543068252662346,0.25957275977390787,0.03565086824894681,0.40334426745855245,0.40438433587162514
0.5027448074908146,0.3335546606240442,0.3015648768981243,0.16937179961904644,0.5998065592087627
-1.1738799644089726,-1.356262459308179,-1.2264272500538604,-1.0200620971179961,-0.9870565310081535
1.4974316831796264,1.3926905927141746,1.0838382652767773,1.3476831412829555,1.2808788734697747
1.5944423917491968,1.3353134694637099,1.2042944794504271,1.1099348984028916,1.215996735754292
0.33085130461557777,0.10998987488577616,0.49087353558046753,0.1833351085116495,0.4039625900500715
0.3131321400131553,0.6302527082815721,0.28755109924549144,0.06474982433087767,0.22273671826537655
-0.531454551359215,-0.40776034500889474,-0.17354701926772417,-0.21545676233373812,-0.33166265652272087
-0.032280611049470324,-0.23305320323461565,0.19969576591223423,-0.19966353975033624,-0.2902690135677769
0.23278674294016363,0.3575768786462226,0.5105283689343638,0.24785885197052737,0.055330721320549725
0.0516609768510798,0.12093842478271634,0.11906293453746845,0.13493567155342368,0.04736870445229642
-0.29748220087385013,-0.15906976360223624,-0.5891198590853908,-0.09481085987416282,0.09765910307289914
0.2869558543017087,0.14441356251104887,0.2789669689849421,0.3598787453886595,0.30793219080177225
2.1247714030169615,1.7899162671691764,1.8090405592219418,1.4307117612991256,1.6320253887128835
-1.2935076252040958,-1.0871577582074956,-0.9891145611513801,-0.6773650110294464,-0.8262090359026676
1.0683793336940164,0.9658917572843816,1.1728739680473725,0.8365983131870601,0.9351793048724646
1.1464408704007276,0.5361638055184543,0.9060362891493917,0.573850259410166,0.3337352926645013
-0.8239354869719996,-0.7459230821734375,-0.5220899927074741,-0.572818463724884,-0.6813013656069735
-0.7908993816675531,-0.28828848577240357,-0.2646600943243301,-0.13458995016761288,-0.17494922911999067
0.03402741107223205,-0.12619156222227446,0.04583020712160932,0.0649910572905216,-0.0007144483698301382
0.73463754545933,0.46694237686882667,0.008839385911242226,0.29989514541418616,0.4341715407299264
-1.372859451481064,-1.1878798288748462,-1.142621464697059,-0.6787500375306786,-0.9440199649873869
-0.9478927172689863,-1.0012754009929177,-0.5348953734827977,-0.8793862057115991,-0.9400657825352962
0.5964411375817527,0.03549675481975173,0.14735132721714264,0.04039716310900371,0.6649714584334118
0.2668183962954019,0.16733743733159895,0.1389159282997928,-0.16087556435528855,0.23349724767885255
-0.49693202511797824,-0.37037373527805123,-0.5685453959230188,-0.3516613311203878,-0.2450931453124226
-1.1140464501619933,-0.9017381738373252,-0.47076015819184036,-0.6006240179185086,-0.7678718093192265
0.4080528468367557,0.2974665650798272,0.6295648844259292,0.7235943659610292,0.30531448344742973
0.36414029605466136,0.2999204110138066,0.09527249230332677,0.2324601307705493,0.2235301670940576
-0.3600392687569827,-0.08346312069543338,-0.17559897050930456,-0.2950867276023755,-0.080038121980636
-1.2578681559088878,-1.0443837619129537,-1.0783480160811396,-0.9341274942203897,-1.2829556142265055
1.0294574815983573,0.7087494698612319,0.8503425095638237,0.7754614801570641,0.3440102068889215
0.07287409801551539,0.0020741814347950485,0.13899591888666202,-0.2496042479047625,-0.20101324329834325
-1.1195461283831687,-0.7797675507551798,-0.6313622150954852,-0.15829700852448292,-0.473921745654739
-0.8505352787470439,-0.39802284728898524,-0.4782908040186401,-0.4275562294858913,-0.4149352066495288
0.5333592447054494,0.30105864793052384,0.9440784580095756,0.6329767426905278,0.6661524567853696
-0.3150867311941086,-0.23228262754951018,-0.43281290686405516,-0.17612705836754944,-0.4886870514391247
1.0651719657143865,0.9198090609587012,0.4664080302575008,0.7545141945060759,0.6279706010063694
0.3076126681891964,0.047574533205592545,0.08946065391598365,0.1307186317415857,0.3717786576440515
-1.4359095238685275,-1.1446441856522385,-1.3749456707419887,-1.2505903050923468,-1.0357397379840179
-0.1581538443723203,-0.4196578469662753,-0.5034667302772413,-0.1447580925954839,-0.11825361939817863
0.9955815140020298,0.44265515045374404,0.4303243712975447,0.6475045222261203,0.8700938355939752
0.5827375831738644,0.5395393481175429,0.2687928149358696,0.17863413942601197,0.23855296711796478
0.8580141953021454,0.6096364079755597,0.42097439965372857,0.7954025602558024,0.5845397453036701
-0.12205713212127726,-0.05718962417277799,0.025458336776610274,0.020030889126729873,-0.08278988795182216
-0.7146806769904318,-0.5753235369940155,-0.6311752118104879,-0.39237848306684175,-0.853826268013117
-0.18150316213566714,-0.34048253944129325,-0.2287992578747176,0.11426320953182989,-0.23208992155642083
-0.5859276733177553,-0.47779299904707156,-0.25745518147281216,-0.3329753776832601,-0.21035597525708785
-1.9689231424160831,-1.8217587749358377,-1.6842537086450782,-1.3978803390276415,-1.404301458307347
0.32208231076698546,0.5358603202138685,0.26889007170670887,0.39839440069070103,0.5648511462131335
0.017613251933657315,-0.2571034674250669,0.0048275829578916934,-0.13599588280339087,-0.2701626414239573
1.0018248536819372,0.7623028287518335,0.34128971534247443,0.5480561601789649,0.4905790981036613
0.47154238041820573,0.16877958672511492,-0.19057603556347913,0.1374962552721203,0.3963677629964292
-0.15032046027187207,-0.006172133545338548,-0.007788404439993055,-0.25445525622142495,-0.17950328626516454
-0.5505519317084877,-0.5067278196230908,-0.3288914556277913,0.11175000280026409,-0.21169528317513242
0.5861658003927833,0.3651992963899846,0.8154867160838692,0.2792023178921805,0.3355472093371526
-0.3256110521485036,-0.08984853270849197,-0.15814111071343742,-0.45312164588220794,0.1024977898616661
-1.388542553831211,-1.1049479247294585,-0.861807710882824,-0.6372947907448981,-0.6598747205266725
0.5136144642310962,0.5142204605720705,0.3719788415699745,0.4968905724797368,0.1985477239537391
-0.9938626748348534,-0.9913553271713756,-0.7348924912518221,-0.8966950299308258,-1.1013323386370812
-1.7931064525345768,-1.715448550813163,-1.0777364231613307,-1.0268793472580244,-1.2215509710514783
-0.3998990621311371,-0.29847765729688297,-0.7142913918797605,-0.1521060926048971,-0.2375859516354322
1.1717179147161596,0.8736050606739815,0.9306637270746103,0.8349000451969109,0.6835986931727094
-0.20252422706483003,-0.03673244716107518,0.3148354983347357,0.5646890885228787,0.35049283505911266
-0.3975577654917214,-0.3340279029258871,-0.24258040978175832,-0.600867632282999,-0.34318515502264973
-0.6143231440962944,-0.45044344743010956,-0.11218001363061048,-0.15183657231894152,-0.30532556277585937
0.8282296901846228,0.33790724615944956,0.3896445890342578,0.7204553789317529,0.5748466895262055
-0.524662407066803,-0.04204253773059108,-0.28135346368532155,-0.14413756797980046,-0.14348859202100767
-0.15129922023252232,-0.15388777319242425,-0.11511100159627093,-0.14743523406064696,0.17714056296086222
-0.4519493719118777,-0.22204210346166237,-0.7361055328661916,-0.5333102583134577,-0.4508278642176363
-0.7284616216803428,-0.7499876313881996,-0.8228626658266713,-0.5317006807853543,-0.47811696980010837
-1.3902219251534627,-1.050575559679302,-1.2296586463573191,-0.8848013312738989,-0.609019167457782
1.1918993344135729,0.6929505148259093,0.9682480372610647,0.9845536359263278,0.4356773018190239
0.30170000890173554,0.33177357477332264,0.4248126980196756,0.49861666092724233,0.27998210797167644
0.5362909095171899,0.35783791073658544,0.4403041165208773,0.18686401900187988,0.4992034307196268
0.6928575842374367,0.5601241681770628,0.6792866219429783,0.5033034866474391,0.7185144564466743
1.00163182520856,0.9409002661928676,0.7502561099177855,0.5127519876257873,0.6840666359258089
-0.5561187467607805,-0.6914030596526806,-0.24509395736828576,-0.39770763686885485,-0.6810883455876368
-0.3220281544920584,-0.39452086971620615,-0.2776126496344767,-0.03681214328775298,-0.05656900034989712
-1.4152671919241875,-1.040748897321997,-1.0082854556733416,-0.9478242748939659,-0.672086800345067
-0.09184476433495513,0.3461684834413853,0.00480963621245574,0.48655778138095424,0.1207357547766385
1.855503314794263,1.4567861849031143,1.5016776083953514,1.381553642713789,1.047755073962729
-0.33638694541113623,-0.1508823327441225,-0.2976979358513875,-0.24169557638906222,-0.11798673616647226
0.6715311717290534,0.5158306434115467,0.6858010543276043,0.5641694743107064,0.6046213550259183
0.3883120054234496,0.6990987232900197,0.17745579155552937,0.09874538021960441,0.38926903099388216
0.3791531187261241,-0.04612183841215184,-0.04404324310622226,0.122476627772442,0.14492864928091137
0.9134737320174066,0.7497031945477969,0.8191331753983433,0.9186003683886291,0.5833747058777904
0.5152943216244674,0.08712665058716174,0.2660763130717797,0.3353423875040533,-0.2700600132112341
-0.6113852473886282,-0.9904225120182459,-0.6935976605304135,-0.6806851091443109,-0.8832392544207599
-0.7316317389085281,-0.5258129805032592,-0.3455482171101498,-0.6158889065031982,-0.48760803095029476
0.3631156277445234,0.3183920614251105,0.1556231494825779,0.11745513255767184,0.17110378464307655
-0.39719531614598763,-0.3747236404652304,-0.3510550010726369,-0.2845274400052737,-0.5419130690126174
0.19157739619408962,0.13202309894732106,0.41524121779547296,0.48144475269107745,-0.13948251000004763
1.362562852712452,1.7097101689842131,1.5020229462136199,0.8777365912971414,1.1863293179060905
-2.0820987031889873,-1.7173139901574768,-1.2417639065876713,-1.3935102994884148,-1.2689103296110618
-1.6891830379672617,-1.2493215581237944,-1.2758131418075513,-1.1571364680229095,-0.8454943873984129
0.02845758118315888,-0.10710689897624909,0.2282373018955988,-0.26406320029438385,0.09405957735362644
-0.863493604964934,-0.6317483689638266,-0.8110618787253506,-0.8365418500693952,-0.7931934834288251
0.5925672738473307,0.42640708406674105,0.24282518719927546,0.19817927647140518,0.08455676865539336
0.02263085267686914,-0.0639990144044507,-0.4779754485077729,-0.3413319131024612,-0.04147205957742971
-0.5791241096357465,-0.09951958126853222,0.015155711181273124,-0.18720945037745984,0.01114541844522779
2.169936588080543,1.9713862631013022,1.5035882031554462,1.4372979945940363,1.6940550772790917
-0.31823752774262026,-0.22724069271425007,-0.2525974876349971,-0.3393912266712542,-0.6409744384774789
0.8622235118869771,0.2289364223207883,0.31772781425406826,0.5575730557669452,0.13125685314586322
0.9567031863856584,0.6931607044580128,0.8253328541962612,1.057429359762018,0.7271874725462174
0.20475888240178416,0.7044126188024441,0.23857649469815728,0.505185454188327,0.67164684646405
-0.4151002889633696,-0.3782125644986373,-0.5819772919178658,-0.7833853867649614,-0.3084816822081734
-0.7380570836613916,-0.36980215251838167,-0.3916366747489981,-0.336463066597128,-0.29396950703375935
0.2063617713254507,0.45347789745088074,-0.04752175006405615,0.02793135049179013,0.3466229049257127
0.7499002394237105,0.6437129747101635,0.400582867061806,0.49122431116727794,0.5505681698485023
-0.6328802748847919,-0.6746685462814641,-0.9402185242520514,-0.7088961263632471,-0.480346090834156
0.5720062783004729,-0.02945744371619935,-0.007625716404144722,0.24926995073597172,0.11967964928925412
0.11314045705302281,0.22734500736420915,0.16047956467986974,0.13972948790756076,0.1914733828002512
0.6336610247740587,0.34397761925453735,0.02711659054280563,0.1485206946569611,0.19726902012233458
-0.2243189708781048,-0.1442250863249454,-0.4516561562608792,-0.4496635604206298,-0.20517583491265998
-1.0986204251778122,-1.1288604080601226,-0.8884421182335046,-0.8845641538884237,-0.8457672152347456
-1.031955242094435,-0.8786117017695885,-0.8882825107967045,-0.7212432482651028,-0.6900449177616717
-1.500221861446936,-1.1934336781773383,-0.7097337069848078,-0.7641829590358448,-0.8691498109481056
0.24312345851289308,0.24821748301917404,0.5628062833670738,0.49304169222001604,0.5653873697477463
1.146030144142065,0.6938596778431692,0.6075884828737526,0.6026094461929445,0.6501314251131023
-0.3726755839519746,-0.058758277409309195,-0.09253775151808367,-0.12931642072747596,-0.20384959675845984
-0.6076463453734726,-0.6054960332451724,-0.3356154712843977,-0.18480420827248847,-0.24201752523001618
-1.0955193888455623,-1.211309403167099,-1.0306482869777915,-0.6173480913005159,-1.1852297368241977
-0.2430611988808665,-0.21625364309738596,-0.4855149996692898,-0.30319705024636695,-0.4369939770801991
-0.3882430535215389,-0.3037193810119391,-0.2876970309259627,-0.31456237876692317,-0.20943088929322656
0.6188862980231536,0.5272269250528749,0.43304209156461715,0.45899620260238677,0.5573143493697568
-2.6307301368290634,-1.832157628726235,-1.9521652564265262,-2.0630996518817173,-1.967234717501055
-0.06040372919690829,-0.09561275070469852,0.029577683823033357,-0.05105232035665159,-0.1492468427271646
-0.21713107494620248,-0.19762878483071628,-0.3180000943234359,-0.06513518801322937,-0.25933459374633033
0.01282864354368512,-0.2103739614116706,-0.28709737616748726,0.01868193283921936,-0.21795506157155592
0.7938184671438157,0.799165474292632,0.6584754699296638,0.526864053956614,0.8262780560171525
-1.5428032182428997,-1.1973807617786991,-1.0534218191412845,-0.9949463747362405,-0.8756112767786411
0.49150564724678364,0.3091989723385944,0.10318352654495949,0.07294560145855974,0.20357862786998304
0.2783486346446696,-0.15825603097735708,0.2773156302273439,0.36296413559381036,-0.09525676333125671
0.35947579754712555,0.576463077048718,-0.0014194056670374655,0.12765826952474063,0.11424539304262482
0.3957988487097471,0.07110308607658625,0.10360765843472075,0.1445723125185595,0.37007053315790933
-0.4958781720101493,-0.5149581394820606,-0.4540282350892146,-0.45230733005842294,-0.32624430264977955
0.24365722370271442,0.26659468117737223,0.07456227367418292,0.11470902557078731,0.05303569556303145
-0.626315276183007,-0.7403638066697429,-0.6482788748026649,-0.5994131893806603,-0.48012234129106546
-0.2563406783724922,-0.5037744983486224,0.09491220777078996,0.06705721895983177,-0.2961922574361491
0.5583364232117055,0.021879622029231438,0.11555528040684246,0.19049997184418305,0.012855863798325193
-2.391956204313024,-1.7693655728692919,-1.2385434295229167,-1.1336070343289,-1.3146591483623244
0.5199021395287525,0.30688446267773767,0.43944176451390793,0.6767796623133404,0.23886492631809972
-1.5708814571259122,-0.6712511472060637,-0.9684050452623768,-1.1940232989262167,-0.8297089819035253
-1.1794596645077804,-1.142438744732399,-0.8372133849960768,-0.7927283659156867,-0.8989895437742361
-1.8418977729578574,-1.6578084230520704,-0.9123058635441592,-1.2318127788680457,-1.4641191260686985
-1.5431182279428703,-1.3475731764113765,-1.3745496676811377,-1.2323966708873255,-1.0444458650595188
1.0753434019568977,0.908901652593216,0.5862586129691357,1.0651262994993729,1.2386921821413934
1.0354434164169448,0.7343140653764937,0.5870426885070362,0.5874801585464327,0.46597286026839735
0.9976320769202445,0.9205721043366981,0.7814162991540439,0.7836645578452012,0.45441757069477035
0.4935602043342916,0.1991304854697024,-0.03863497715445818,0.290234349673589,-0.19379943731135418
-0.13213658890154725,-0.38202761481395403,-0.17620873103123824,-0.32346400246976237,-0.35634939792829756
-0.10128071870153288,-0.4406675228430478,0.15586881047905363,-0.14918385817083268,-0.441788589182315
2.0931979322099448,1.2298435121805165,1.4458334978840828,1.1744080977559872,1.131800636848522
0.20323595458603103,0.058974959773813465,0.06077337343010416,-0.07159041557310131,0.0404273855975779
0.508608373233442,0.34669063610810924,0.23467928771242827,-0.27269095748508837,-0.1944362749034802
-1.5271678565896476,-1.3480216907683549,-0.9882880946150174,-0.8972659003231402,-1.4409695504542364
-0.4235985817281771,-0.09019770594510929,-0.4040251572952309,0.07978927264185076,0.02900480629470871
-1.5978721344948377,-1.032691665674243,-0.7394643828298421,-0.9053704591225664,-0.8641403701973243
0.04435879751560705,-0.03147355947641473,0.39940928045775054,-0.10574654067877845,-0.13577169756279264
1.0059245117964166,0.4459553867987407,0.688099031670188,0.5490541408066523,0.10086075729477917
-0.01987363536831157,-0.12923992990565983,-0.05101181427118275,-0.12012954886079712,-0.01930457004863688
1.0363028920724797,0.7090780348745716,0.9370068181469232,0.5858069286450861,0.8555688086030574
0.6813623265753054,0.41366286880463266,0.6837397243745076,0.7180773480589565,0.519217413744251
-0.645572072035395,-0.6560014384079651,-0.6807848137519701,-0.36849074543987936,-0.6736428647897558
0.9411818664199697,0.6222529139910143,0.5519557807799488,0.36616470011643554,0.49211159154376954
0.02731337985143867,-0.05545761929840102,-0.26745008280046006,0.048961527709893024,-0.2918089294528097
-2.0362205028559366,-1.7560846220478605,-1.463122650375515,-1.0943747285771277,-1.1703710490340962
0.7158727446909595,0.614362697477886,0.6755707582802237,0.9370890422343853,0.666113198062955
0.3074035697196884,0.31799659895672294,-0.020884363025393538,0.6876500872949105,0.043461603211860544
2.0979393391324312,1.496222453869447,1.406796624763818,1.2214958556698603,1.2040473569338899
-1.7422216926352752,-1.1395642889068134,-1.4824309165059515,-0.72501695837745,-0.8085833588104768
0.6460061871145515,0.32079248932351845,0.23948087830556375,0.28335354846628846,0.21087203393889312
0.15712791899094083,-0.19785778757031477,0.1294100352696359,-0.0038779093718721708,-0.1750571896417853
-0.40436199269002276,-0.24733397987900788,-0.42307760364436964,-0.26556136355818794,-0.47294923840431546
0.5148835960763722,0.24842524997822987,0.27180418182519533,0.19826284434202457,0.32184220070587655
-1.357517539841935,-1.0217557377220705,-1.3107478368270518,-0.9874973225382895,-1.0389964793985564
0.48730523704499484,-0.0908895305841102,0.25378380129219724,0.032420177787416515,-0.47609674041524774
0.8468821038849139,0.9559968714045446,0.7013854493948906,0.5715565008992349,0.6708135989784184
-0.6683451948468017,-0.4002174742693609,-0.6000296897108415,-0.2502335069507214,-0.11897059353276229
0.6089053562546319,0.18702897517110523,0.3227585111421527,0.3612532886724827,0.14320748238441844
1.3697011076541847,0.8000054613540908,0.9609111683340085,0.9605640677432539,1.1157694941601348
-1.132784951267745,-0.5717747801946906,-0.9008985394741486,-0.7184216753532953,-0.47279778101309955
-1.7811584144656334,-1.5724027122720985,-1.6575525297148022,-1.1413520518086422,-1.2180956104497787
0.6958638390937854,0.3898541015285035,0.8260030365428068,0.27770180781675025,0.2915433500786054
-1.3569355696995753,-1.5387588745895169,-1.2667499881686972,-0.9325694127798221,-1.216683390140515
-0.7613552698089406,-0.6792398569674634,-0.6038016126320872,-0.5996905808247638,-0.640135815451808
-0.4949654803680731,-0.44151630726160906,-0.17776968535845655,-0.23576648722824411,-0.39609360894194395
0.2887280030098363,0.3740810217617661,0.9623993455475449,0.7124409733754278,0.5443543374831178
1.188596823087008,0.6710617728327113,0.5467196534155443,0.45528926031865213,0.35205759583710927
-1.1564158167438567,-1.2291900118432073,-0.8569994691795886,-1.007895002657996,-1.2550612736481752
0.3231854824582059,0.3487409129218601,0.12470455804683972,-0.20792997574074304,-0.07777345514418241
0.5140625524247758,0.6125960561852337,0.33305203215261586,0.22901404547820137,0.8453927568900315
-1.194522939766035,-1.2698488220364048,-1.1222585206952969,-0.6606261153087694,-0.8540285474803576
-1.5947559581633324,-1.0595019492707176,-1.3403595574229983,-1.1981636439292263,-0.9342518224051694
0.39542098538803816,0.32384515660779484,0.2866057673194253,0.004785721952028199,-0.015760123508400947
1.6773770878054892,1.5602627380593206,1.0118668279108936,0.9785618173715437,1.354394648182021
-0.9587784561867748,-0.7810668372529432,-0.5243477659668963,-0.890822829559593,-0.7592012205103095
0.3794053976051097,-0.2009312654135023,0.1404239063851791,-0.0171054987501168,-0.08285662064678645
-1.1869933883057446,-0.9799881871078036,-0.8030061557049254,-0.7182360355515254,-0.9987877861028509
-0.912810919296513,-0.5182199717029565,-0.705109173548388,-0.8819427023991662,-0.5434610222580084
-0.4877053729487446,-0.5689135021757386,-0.48796752396944354,-0.16774229772661492,-0.4764374982647242
1.144293068559939,0.8378414610664608,0.8810117536333734,0.7958978707112577,0.5883520064472163
0.1680153405325285,0.09918557171582715,-0.11904678470015272,0.036706363121855407,0.21734451912750266
-0.6375875420759639,-1.0899728096344676,-0.7173837008109893,-0.5976630906763601,-1.140824174689589
-1.040193719815898,-0.4978854607652231,-0.8413852009132068,-0.5980620005828973,-0.3651946237711729
0.5843141664353099,0.28717619716881304,0.20019618025009597,0.4704361162295645,0.4503337798807564
1.3931812579349059,1.2156920928424846,0.63933060869507,0.8800156170344245,0.8174912057055699
-0.3004659487207037,-0.2577129862062047,0.04031844767378667,0.008898820762762813,-0.3160238377213874
-1.0701915628943317,-0.6046294390435933,-0.8537923637909977,-0.8120115046582169,-0.6509862510769014
-0.5706404302001128,-0.37530111967447405,-0.16523533996968853,-0.1859097066861108,-0.22454634171807356
-0.5964114079688796,-0.5241139806792986,-0.2416814339093709,-0.40281269184606155,-0.4658831943242427
-0.22153659758373817,-0.3559322965708466,-0.4747479290664218,-0.27806748622758365,-0.21026713177240716
0.2094700836477726,0.3271462071946459,-0.014803343152289122,0.0229379463249339,0.5557650387217475
1.193112945851028,0.5798020958898991,1.2825976935636203,0.8988405479020202,0.5159900680746026
-0.6135876053627944,-0.3616920002350571,-0.06511621436648563,-0.40930388743607005,-0.6828423605125393
0.15808922532318442,-0.09333757005242702,0.044739638980243274,0.1746695664931482,0.1615830445226189
-0.21596052035023222,0.07768831611114219,-0.03319914405830357,0.16245731679927836,0.4320130998919748
-0.253676077542381,-0.17068095350136578,-0.304211605411038,0.0110653211525443,-0.02053530314483129
0.06783851391693768,0.18309556470357188,0.17531846920960842,-0.15405027393846865,-0.15390747843013108
-0.30964971398806124,-0.23132200842550513,-0.3676578396661765,-0.013082411180320441,-0.1674964010564394
-0.4536363875916828,-0.7133845291015456,-0.847304305385982,-0.5840079775146517,-0.8269378075576492
1.261519252535516,0.8370695693493451,0.6175693397703512,0.8717820399514653,0.8923474523876361
-1.5449373466767586,-1.1014720098191306,-1.098691726714001,-1.238694695765746,-1.3027496951608892
-2.914255989816941,-2.298073628381584,-2.3727635305234633,-2.0864118253613606,-2.0647934820029983
0.8139808601977412,0.8873826692193274,0.6597497378819619,0.6522368758112628,0.527233099016194
1.6163000427219165,1.3736949467849675,1.005326297509876,0.7517295777087865,1.0751007784106088
-0.24861585376667736,-0.39223306115387385,-0.3984486297298996,-0.1371723601297929,-0.34975988015881376
2.154928677383142,1.564730114362387,1.7175164342829254,1.81816504623409,1.519640003137712
1.481960768436536,1.2061520928538763,1.1523221216024517,1.0187835668792697,1.03379643676938
-0.15774698323148525,-0.5890063997852093,-0.25750829581397483,0.10593151454741856,-0.5189561910517221
0.6523061516102304,0.8565332984127814,0.7589058599430798,0.5265461059308426,0.797259223532726
-0.9626510119189763,-0.6817714622596696,-0.5897352259679195,-0.4510375889454349,-0.5541272844080553
-0.23130094292969944,0.060366165066014915,0.19177203630522827,-0.45952555584000837,-0.29934376928557366
0.66536893503283,0.21617435986443018,0.30556492301271604,0.8721290990809112,0.8395286568840898
-0.0827150238964932,0.18274101295385659,-0.07246220376759137,0.2370207579829576,0.2760368685106262
-0.19819567637971988,0.2877432411017738,-0.2729967191375969,-0.2454020590576625,0.06837321626390445
-0.9928660010855455,-1.0584684719439,-0.8997696856004266,-1.1514720800031526,-0.6974818018269211
-0.1286594463520559,0.0513528018991086,0.14403009625419377,0.06375393362195299,0.4183009831033725
-0.6083507646793376,-0.4864586228060115,-0.19011549472904543,-0.6081716131781045,-0.5033965420998153
-0.037893081716830875,-0.3392012350231136,0.0713541222519841,0.1023551237255589,-0.10333470660924811
1.0071572005966691,0.9043025548477093,0.4160309934427601,0.651588421448628,0.5404574957426258
-3.1704257358780557,-2.369619947734975,-2.0794698097273736,-2.2882388520425767,-2.13768217440736
-1.1889634195349619,-1.071396046161739,-1.2836042482704166,-0.7648336623992759,-0.9121002371688001
0.9578396311082676,0.9994550089376587,0.9583797830599008,0.9276027062285022,0.9149192239554766
0.518871180440122,0.08174426299425808,0.2104019638041274,0.4868739251554125,0.26166083107058064
-0.28509425704201397,-0.52702663492354,-0.16014845621129783,-0.17632554456754565,-0.25714795455877565
1.1039335467019071,0.9104663164792762,0.5586169987158233,0.3819154047843509,0.7083829425828628
0.29497145570882155,0.2410542201615116,0.45403552044409357,0.4951772449033936,0.051037180242092084
-1.2699985973938759,-1.1593135755999218,-1.2757883205978922,-1.0723890470238655,-1.2049982806153299
0.249548189598077,0.3615574388728388,0.09955034429025458,-0.13831661508320114,0.06615795490600834
0.015182942540433121,0.11832521687553638,-0.15652988922092959,0.21386909452266661,0.07870774009747604
0.7826298263165181,0.7977316752400178,0.2797774451657645,0.8448444126934149,0.9422471870464578
0.2790838583451852,0.1986397996056946,0.21803938257199465,0.19059967057103133,-0.05622401643585645
-0.30561061415380336,-0.12397243772737453,0.17122078517227826,0.3780682993280483,-0.03244598247215022
-0.2656045602861052,-0.3016137088348831,0.3100946516704843,0.03605898227602157,0.020451369024686583
-1.2640061679473638,-0.6004411963405719,-0.7927042854586039,-0.8987753621956573,-0.6898728213623627
0.5070202721353568,0.24310706368388832,0.5497785101863494,0.296627822091587,0.3269357148063739
-1.5958939685741134,-0.8556556889676283,-1.0082247633916377,-0.7142310111877519,-0.7555711253224833
0.7564883543160984,0.6121682728707605,0.6616712979729199,0.4112350846380529,0.5420281405788168
-0.24775241823970925,-0.47330411250551596,-0.3342971730969572,-0.08576597453966911,-0.35540676862711845
-0.15830547800966377,0.1469714876899892,0.003954092386685301,-0.17357332126103306,0.1695239907813544
0.2412402484067293,0.21817247640437526,0.29356760804596294,0.12186179006620429,-0.14154925861880066
0.868772500590771,0.8652428201486645,0.5782671505647186,0.7848657992561092,0.6819430301883225
0.09297924652940966,0.3191545809320464,0.12673713756572116,0.01187918438018161,0.254371039212144
-0.8063769291180498,-0.5775104324654349,-0.5881276180981531,-0.6387608947705399,-0.43139547830918423
0.5309756619640905,0.3063323606087095,0.522668202630763,0.6480184852729028,0.676795486497862
-2.624817056374112,-1.9047109695654394,-2.0970282533822235,-1.5692586652582097,-1.6918091146898417
2.343654052812625,1.875074343741019,1.7240408878070879,1.7560159369047317,1.9477457396882052
-0.47579544400490115,-0.24346479148223713,0.07146393436341786,-0.2926865589813832,-0.36568960791569133
-1.6846675772263868,-1.7784801765394018,-1.1430658110578265,-1.2332150551732013,-1.1713233401666725
3.0768603701805035,2.550884639546373,2.5735313867319047,2.276139755512971,2.37686613572139
-1.014479726707414,-0.9393009463949373,-0.7841437792365813,-0.6552633899924666,-0.942851300761147
0.993782214530439,1.1256876990600575,0.8987969297204413,0.5594584756723978,0.9046580095881183
-0.47417817510396487,-0.25472507050535287,-0.11305937536300317,-0.09028743227081445,-0.19016843909089434
-0.8220760118279274,-0.6096892602924826,-0.2818936780955223,-0.42448521004146006,-0.36804220045292746
-0.009844808650383004,0.08938615174973791,-0.3684271413768475,-0.4944504437385181,-0.13935775975837458
-0.3918767653868664,-0.5131895828848367,-0.6129835189688533,-0.5877294102344339,-0.5456818179335785
0.9282456913443246,1.0672478911810706,1.046186033307013,0.6889469551302023,1.1208517378002734
-0.5182526388612024,-0.016328027405581036,-0.3194025988060363,-0.3496336328351065,-0.13443108518501518
0.2113965674706589,0.2476999560861704,0.04566411270956511,0.4806800311728888,0.4581084478419222
1.6637328321434735,1.6490669794295065,1.075754312501468,1.1434291190859023,1.2873986263746346
-0.5012341077902127,-0.5148169259666769,-0.5160654719939313,-0.5750742098933826,-0.14807976670251632
1.0965471182302537,0.717814981339207,0.48314419683212395,0.6760026868863838,0.49782286900234063
0.5433908278718096,0.4428976120432323,0.8227835520953699,0.4760522024960957,0.2857255217253311
0.5872624134641767,0.5567981384449212,0.45618343786945,0.48232998844015906,0.783681315822181
1.040061819902576,0.7532521196734367,0.7344164375007755,0.8259048403684635,0.6107334457355506
0.240205843946223,0.29971831323067516,0.32763375097588043,0.468981967413629,0.6407404393953724
-1.3892987302109903,-1.0501610877541094,-0.817228657578414,-0.8874682542497668,-0.7179690130084331
-0.3187483152461331,-0.45466000725511746,-0.10659452848867393,0.1576549680260438,-0.256429455257424
-0.2357112448566685,-0.08481039239499057,0.07142564863468293,0.11589029401844403,-0.37877784163489286
1.5287478505409084,1.395703928937031,1.0569159937933923,0.8927776287712829,1.1013919851392362
-1.37383482489866,-1.0647739964008498,-1.0659229723609571,-0.5339319857541541,-0.7787179828600712
-1.1979664292172616,-0.7278435227214708,-0.6635299403366169,-0.679199645167532,-0.4070224605222674
1.635797806135815,1.0651574862092617,1.0319683366027619,0.9000815563009836,1.2268083938638745
-2.0993562644190256,-1.58589492710885,-1.5264679367476128,-1.119747070220571,-1.4244585131602308
-0.048965030858450255,-0.2732281659661152,-0.02669821233409682,0.38529021976267014,0.11188651914676849
